Frame,Driver,Speed,Sector,Lap
1,HAMILTON,80,Sector 3,34 / 53
4,HAMILTON,78,Sector 3,34 / 53
7,HAMILTON,78,Sector 3,34 / 53
10,HAMILTON,77,Sector 3,34 / 53
13,HAMILTON,76,Sector 3,34 / 53
16,HAMILTON,75,Sector 3,34 / 53
19,HAMILTON,75,Sector 3,34 / 53
22,HAMILTON,76,Sector 3,34 / 53
25,HAMILTON,79,Sector 3,34 / 53
28,HAMILTON,80,Sector 3,34 / 53
31,HAMILTON,83,Sector 3,34 / 53
34,HAMILTON,84,Sector 3,34 / 53
37,HAMILTON,87,Sector 3,34 / 53
40,HAMILTON,89,Sector 3,34 / 53
43,HAMILTON,91,Sector 3,34/53
46,HAMILTON,93,Sector 3,34/53
49,HAMILTON,95,Sector 3,34/53
52,HAMILTON,99,Sector 3,34/53
55,HAMILTON,102,Sector 3,34/53
58,HAMILTON,104,Sector 3,34/53
61,HAMILTON,107,Sector 3,34 / 53
64,HAMILTON,110,Sector 3,34 / 53
67,HAMILTON,115,Sector 3,34 / 53
70,HAMILTON,119,Sector 3,34 / 53
73,HAMILTON,120,Sector 3,34 / 53
76,HAMILTON,122,Sector 3,34 / 53
79,HAMILTON,123,Sector 3,34 / 53
82,HAMILTON,125,Sector 3,34 / 53
85,HAMILTON,128,Sector 3,34 / 53
88,HAMILTON,133,Sector 3,34 / 53
91,HAMILTON,136,Sector 3,34 / 53
94,HAMILTON,146,Sector 3,34 / 53
97,HAMILTON,150,Sector 3,34 / 53
100,HAMILTON,154,Sector 3,34 / 53
103,HAMILTON,157,Sector 3,34 / 53
106,HAMILTON,163,Sector 3,34 / 53
109,HAMILTON,165,Sector 3,34 / 53
112,HAMILTON,172,Sector 3,34 / 53
115,HAMILTON,174,Sector 3,34 / 53
118,HAMILTON,177,Sector 3,34 / 53
121,HAMILTON,181,Sector 3,34/53
124,HAMILTON,182,Sector 3,34 / 53
127,HAMILTON,184,Sector 3,34 / 53
130,HAMILTON,191,Sector 3,34 / 53
133,HAMILTON,195,Sector 3,34 / 53
136,HAMILTON,204,Sector 3,34 / 53
139,HAMILTON,208,Sector 3,34 / 53
142,HAMILTON,210,Sector 3,34 / 53
145,HAMILTON,213,Sector 3,34 / 53
148,HAMILTON,214,Sector 3,34 / 53
151,HAMILTON,215,Sector 3,34 / 53
154,HAMILTON,219,Sector 3,34 / 53
157,HAMILTON,223,Sector 3,34 / 53
160,HAMILTON,225,Sector 3,34 / 53
163,HAMILTON,230,Sector 3,34 / 53
166,HAMILTON,231,Sector 3,34 / 53
169,HAMILTON,234,Sector 3,34 / 53
172,HAMILTON,235,Sector 3,34 / 53
175,HAMILTON,237,Sector 3,34 / 53
178,HAMILTON,240,Sector 3,34 / 53
181,HAMILTON,243,Sector 3,34 / 53
184,HAMILTON,245,Sector 3,34 / 53
187,HAMILTON,247,Sector 3,34 / 53
190,HAMILTON,249,Sector 3,34 / 53
193,HAMILTON,250,Sector 3,34 / 53
196,HAMILTON,252,Sector 3,34 / 53
199,HAMILTON,253,Sector 3,34 / 53
202,HAMILTON,254,Sector 3,34 / 53
205,HAMILTON,257,Sector 3,34 / 53
208,HAMILTON,257,Sector 3,34 / 53
211,HAMILTON,259,Sector 3,34 / 53
214,HAMILTON,260,Sector 3,34 / 53
217,HAMILTON,262,Sector 3,34 / 53
220,HAMILTON,264,Sector 3,34 / 53
223,HAMILTON,266,Sector 3,34 / 53
226,HAMILTON,267,Sector 3,34 / 53
229,HAMILTON,268,Sector 3,34 / 53
232,HAMILTON,269,Sector 3,34 / 53
235,HAMILTON,270,Sector 3,34 / 53
238,HAMILTON,272,Sector 3,34 / 53
241,HAMILTON,273,Sector 3,34 / 53
244,HAMILTON,274,Sector 3,34 / 53
247,HAMILTON,276,Sector 3,34 / 53
250,HAMILTON,277,Sector 3,34 / 53
253,HAMILTON,278,Sector 3,34 / 53
256,HAMILTON,278,Sector 3,34 / 53
259,HAMILTON,280,Sector 3,34 / 53
262,HAMILTON,281,Sector 3,34 / 53
265,HAMILTON,282,Sector 3,34 / 53
268,HAMILTON,283,Sector 3,34 / 53
271,HAMILTON,283,Sector 3,34 / 53
274,HAMILTON,284,Sector 3,34 / 53
277,HAMILTON,284,Sector 3,34 / 53
280,HAMILTON,285,Sector 3,34 / 53
283,HAMILTON,286,Sector 3,34 / 53
286,HAMILTON,288,Sector 3,34 / 53
289,HAMILTON,289,Sector 3,34 / 53
292,HAMILTON,290,Sector 3,34 / 53
295,HAMILTON,290,Sector 3,34 / 53
298,HAMILTON,291,Sector 3,34 / 53
301,HAMILTON,291,Sector 3,34 / 53
304,HAMILTON,291,Sector 3,34 / 53
307,HAMILTON,293,Sector 3,34 / 53
310,HAMILTON,293,Sector 3,34 / 53
313,HAMILTON,295,Sector 1,35 / 53
316,HAMILTON,295,Sector 1,35 / 53
319,HAMILTON,296,Sector 1,35 / 53
322,HAMILTON,297,Sector 1,35 / 53
325,HAMILTON,298,Sector 1,35 / 53
328,HAMILTON,298,Sector 1,35 / 53
331,HAMILTON,299,Sector 1,35 / 53
334,HAMILTON,299,Sector 1,35 / 53
337,HAMILTON,299,Sector 1,35 / 53
340,HAMILTON,300,Sector 1,35 / 53
343,HAMILTON,301,Sector 1,35 / 53
346,HAMILTON,302,Sector 1,35 / 53
349,HAMILTON,302,Sector 1,35 / 53
352,HAMILTON,302,Sector 1,35 / 53
355,HAMILTON,302,Sector 1,35 / 53
358,HAMILTON,302,Sector 1,35 / 53
361,HAMILTON,302,Sector 1,35 / 53
364,HAMILTON,303,Sector 1,35 / 53
367,HAMILTON,303,Sector 1,35 / 53
370,HAMILTON,303,Sector 1,35 / 53
373,HAMILTON,303,Sector 1,35 / 53
376,HAMILTON,303,Sector 1,35 / 53
379,HAMILTON,303,Sector 1,35 / 53
382,HAMILTON,303,Sector 1,35 / 53
385,HAMILTON,303,Sector 1,35 / 53
388,HAMILTON,304,Sector 1,35 / 53
391,HAMILTON,304,Sector 1,35 / 53
394,HAMILTON,303,Sector 1,35 / 53
397,HAMILTON,303,Sector 1,35 / 53
400,HAMILTON,303,Sector 1,35 / 53
403,HAMILTON,303,Sector 1,35 / 53
406,HAMILTON,303,Sector 1,35 / 53
409,HAMILTON,303,Sector 1,35 / 53
412,HAMILTON,303,Sector 1,35 / 53
415,HAMILTON,303,Sector 1,35 / 53
418,HAMILTON,303,Sector 1,35 / 53
421,HAMILTON,302,Sector 1,35 / 53
424,HAMILTON,302,Sector 1,35 / 53
427,HAMILTON,302,Sector 1,35 / 53
430,HAMILTON,301,Sector 1,35 / 53
433,HAMILTON,300,Sector 1,35 / 53
436,HAMILTON,296,Sector 1,35 / 53
439,HAMILTON,293,Sector 1,35 / 53
442,HAMILTON,289,Sector 1,35 / 53
445,HAMILTON,279,Sector 1,35 / 53
448,HAMILTON,271,Sector 1,35 / 53
451,HAMILTON,263,Sector 1,35 / 53
454,HAMILTON,254,Sector 1,35 / 53
457,HAMILTON,239,Sector 1,35 / 53
460,HAMILTON,233,Sector 1,35 / 53
463,HAMILTON,228,Sector 1,35 / 53
466,HAMILTON,216,Sector 1,35 / 53
469,HAMILTON,209,Sector 1,35 / 53
472,HAMILTON,200,Sector 1,35 / 53
475,HAMILTON,196,Sector 1,35 / 53
478,HAMILTON,190,Sector 1,35 / 53
481,HAMILTON,187,Sector 1,35 / 53
484,HAMILTON,183,Sector 1,35 / 53
487,HAMILTON,180,Sector 1,35 / 53
490,HAMILTON,178,Sector 1,35 / 53
493,HAMILTON,175,Sector 1,35 / 53
496,HAMILTON,171,Sector 1,35 / 53
499,HAMILTON,170,Sector 1,35 / 53
502,HAMILTON,168,Sector 1,35 / 53
505,HAMILTON,166,Sector 1,35 / 53
508,HAMILTON,164,Sector 1,35 / 53
511,HAMILTON,162,Sector 1,35 / 53
514,HAMILTON,159,Sector 1,35 / 53
517,HAMILTON,159,Sector 1,35 / 53
520,HAMILTON,158,Sector 1,35 / 53
523,HAMILTON,158,Sector 1,35 / 53
526,HAMILTON,159,Sector 1,35 / 53
529,HAMILTON,160,Sector 1,35 / 53
532,HAMILTON,161,Sector 1,35 / 53
535,HAMILTON,163,Sector 1,35 / 53
538,HAMILTON,167,Sector 1,35 / 53
541,HAMILTON,167,Sector 1,35 / 53
544,HAMILTON,170,Sector 1,35 / 53
547,HAMILTON,172,Sector 1,35 / 53
550,HAMILTON,176,Sector 1,35 / 53
553,HAMILTON,180,Sector 1,35 / 53
556,HAMILTON,183,Sector 1,35 / 53
559,HAMILTON,184,Sector 1,35 / 53
562,HAMILTON,184,Sector 1,35 / 53
565,HAMILTON,183,Sector 1,35 / 53
568,HAMILTON,182,Sector 1,35 / 53
571,HAMILTON,181,Sector 1,35 / 53
574,HAMILTON,180,Sector 1,35 / 53
577,HAMILTON,179,Sector 1,35 / 53
580,HAMILTON,179,Sector 1,35 / 53
583,HAMILTON,179,Sector 1,35 / 53
586,HAMILTON,180,Sector 1,35 / 53
589,HAMILTON,181,Sector 1,35 / 53
592,HAMILTON,181,Sector 1,35 / 53
595,HAMILTON,182,Sector 1,35 / 53
598,HAMILTON,184,Sector 1,35 / 53
601,HAMILTON,185,Sector 1,35 / 53
604,HAMILTON,187,Sector 1,35 / 53
607,HAMILTON,189,Sector 1,35 / 53
610,HAMILTON,191,Sector 1,35 / 53
613,HAMILTON,193,Sector 1,35 / 53
616,HAMILTON,198,Sector 1,35 / 53
619,HAMILTON,200,Sector 1,35 / 53
622,HAMILTON,204,Sector 1,35 / 53
625,HAMILTON,210,Sector 1,35 / 53
628,HAMILTON,213,Sector 1,35 / 53
631,HAMILTON,215,Sector 1,35 / 53
634,HAMILTON,216,Sector 1,35 / 53
637,HAMILTON,219,Sector 1,35 / 53
640,HAMILTON,221,Sector 1,35 / 53
643,HAMILTON,224,Sector 1,35 / 53
646,HAMILTON,226,Sector 1,35 / 53
649,HAMILTON,229,Sector 1,35 / 53
652,HAMILTON,232,Sector 1,35 / 53
655,HAMILTON,235,Sector 1,35 / 53
658,HAMILTON,236,Sector 1,35 / 53
661,HAMILTON,237,Sector 1,35 / 53
664,HAMILTON,240,Sector 1,35 / 53
667,HAMILTON,242,Sector 1,35 / 53
670,HAMILTON,245,Sector 1,35 / 53
673,HAMILTON,247,Sector 1,35 / 53
676,HAMILTON,248,Sector 1,35 / 53
679,HAMILTON,249,Sector 1,35 / 53
682,HAMILTON,250,Sector 1,35 / 53
685,HAMILTON,251,Sector 1,35 / 53
688,HAMILTON,254,Sector 1,35 / 53
691,HAMILTON,255,Sector 1,35 / 53
694,HAMILTON,256,Sector 1,35 / 53
697,HAMILTON,259,Sector 1,35 / 53
700,HAMILTON,261,Sector 1,35 / 53
703,HAMILTON,262,Sector 1,35 / 53
706,HAMILTON,264,Sector 1,35 / 53
709,HAMILTON,265,Sector 1,35 / 53
712,HAMILTON,265,Sector 1,35 / 53
715,HAMILTON,266,Sector 1,35 / 53
718,HAMILTON,267,Sector 1,35 / 53
721,HAMILTON,269,Sector 1,35 / 53
724,HAMILTON,271,Sector 1,35 / 53
727,HAMILTON,271,Sector 1,35 / 53
730,HAMILTON,272,Sector 1,35 / 53
733,HAMILTON,273,Sector 1,35 / 53
736,HAMILTON,273,Sector 1,35 / 53
739,HAMILTON,273,Sector 1,35 / 53
742,HAMILTON,274,Sector 1,35 / 53
745,HAMILTON,274,Sector 1,35 / 53
748,HAMILTON,274,Sector 1,35 / 53
751,HAMILTON,275,Sector 1,35 / 53
754,HAMILTON,276,Sector 1,35 / 53
757,HAMILTON,277,Sector 1,35 / 53
760,HAMILTON,277,Sector 1,35 / 53
763,HAMILTON,277,Sector 1,35 / 53
766,HAMILTON,277,Sector 1,35 / 53
769,HAMILTON,278,Sector 1,35 / 53
772,HAMILTON,278,Sector 1,35 / 53
775,HAMILTON,279,Sector 1,35 / 53
778,HAMILTON,279,Sector 1,35 / 53
781,HAMILTON,279,Sector 1,35 / 53
784,HAMILTON,279,Sector 1,35 / 53
787,HAMILTON,280,Sector 1,35 / 53
790,HAMILTON,281,Sector 1,35 / 53
793,HAMILTON,281,Sector 1,35 / 53
796,HAMILTON,281,Sector 1,35 / 53
799,HAMILTON,279,Sector 1,35 / 53
802,HAMILTON,278,Sector 1,35 / 53
805,HAMILTON,277,Sector 1,35 / 53
808,HAMILTON,270,Sector 1,35 / 53
811,HAMILTON,268,Sector 1,35 / 53
814,HAMILTON,261,Sector 1,35 / 53
817,HAMILTON,243,Sector 1,35 / 53
820,HAMILTON,233,Sector 1,35 / 53
823,HAMILTON,223,Sector 1,35 / 53
826,HAMILTON,216,Sector 1,35 / 53
829,HAMILTON,213,Sector 1,35 / 53
832,HAMILTON,207,Sector 1,35 / 53
835,HAMILTON,194,Sector 1,35 / 53
838,HAMILTON,188,Sector 1,35 / 53
841,HAMILTON,182,Sector 1,35 / 53
844,HAMILTON,179,Sector 1,35 / 53
847,HAMILTON,174,Sector 1,35 / 53
850,HAMILTON,171,Sector 1,35 / 53
853,HAMILTON,166,Sector 1,35 / 53
856,HAMILTON,161,Sector 1,35 / 53
859,HAMILTON,159,Sector 1,35 / 53
862,HAMILTON,157,Sector 1,35 / 53
865,HAMILTON,155,Sector 1,35 / 53
868,HAMILTON,151,Sector 1,35 / 53
871,HAMILTON,150,Sector 1,35 / 53
874,HAMILTON,148,Sector 1,35 / 53
877,HAMILTON,146,Sector 1,35 / 53
880,HAMILTON,146,Sector 1,35 / 53
883,HAMILTON,144,Sector 1,35 / 53
886,HAMILTON,144,Sector 1,35 / 53
889,HAMILTON,144,Sector 1,35 / 53
892,HAMILTON,144,Sector 1,35 / 53
895,HAMILTON,144,Sector 1,35 / 53
898,HAMILTON,144,Sector 1,35 / 53
901,HAMILTON,145,Sector 1,35 / 53
904,HAMILTON,145,Sector 1,35 / 53
907,HAMILTON,144,Sector 1,35 / 53
910,HAMILTON,143,Sector 1,35 / 53
913,HAMILTON,140,Sector 1,35 / 53
916,HAMILTON,138,Sector 1,35 / 53
919,HAMILTON,133,Sector 1,35 / 53
922,HAMILTON,132,Sector 1,35 / 53
925,HAMILTON,130,Sector 1,35 / 53
928,HAMILTON,128,Sector 1,35 / 53
931,HAMILTON,126,Sector 1,35 / 53
934,HAMILTON,123,Sector 1,35 / 53
937,HAMILTON,122,Sector 1,35 / 53
940,HAMILTON,121,Sector 1,35 / 53
943,HAMILTON,120,Sector 1,35 / 53
946,HAMILTON,118,Sector 1,35 / 53
949,HAMILTON,118,Sector 1,35 / 53
952,HAMILTON,117,Sector 1,35 / 53
955,HAMILTON,114,Sector 1,35 / 53
958,HAMILTON,112,Sector 1,35 / 53
961,HAMILTON,111,Sector 1,35 / 53
964,HAMILTON,111,Sector 1,35 / 53
967,HAMILTON,111,Sector 1,35 / 53
970,HAMILTON,112,Sector 1,35 / 53
973,HAMILTON,113,Sector 1,35 / 53
976,HAMILTON,113,Sector 1,35 / 53
979,HAMILTON,115,Sector 1,35 / 53
982,HAMILTON,116,Sector 1,35 / 53
985,HAMILTON,118,Sector 1,35 / 53
988,HAMILTON,119,Sector 1,35 / 53
991,HAMILTON,121,Sector 1,35 / 53
994,HAMILTON,122,Sector 1,35 / 53
997,HAMILTON,124,Sector 1,35 / 53
1000,HAMILTON,125,Sector 1,35 / 53
1003,HAMILTON,126,Sector 1,35 / 53
1006,HAMILTON,127,Sector 1,35 / 53
1009,HAMILTON,127,Sector 1,35 / 53
1012,HAMILTON,128,Sector 1,35 / 53
1015,HAMILTON,128,Sector 1,35 / 53
1018,HAMILTON,128,Sector 1,35 / 53
1021,HAMILTON,124,Sector 1,35 / 53
1024,HAMILTON,118,Sector 1,35 / 53
1027,HAMILTON,114,Sector 1,35 / 53
1030,HAMILTON,108,Sector 1,35 / 53
1033,HAMILTON,104,Sector 1,35 / 53
1036,HAMILTON,101,Sector 1,35 / 53
1039,HAMILTON,98,Sector 1,35 / 53
1042,HAMILTON,96,Sector 1,35 / 53
1045,HAMILTON,95,Sector 1,35 / 53
1048,HAMILTON,92,Sector 1,35 / 53
1051,HAMILTON,90,Sector 1,35 / 53
1054,HAMILTON,89,Sector 1,35 / 53
1057,HAMILTON,87,Sector 1,35 / 53
1060,HAMILTON,85,Sector 1,35 / 53
1063,HAMILTON,83,Sector 1,35 / 53
1066,HAMILTON,81,Sector 1,35 / 53
1069,HAMILTON,81,Sector 1,35 / 53
1072,HAMILTON,80,Sector 1,35 / 53
1075,HAMILTON,79,Sector 1,35 / 53
1078,HAMILTON,79,Sector 1,35 / 53
1081,HAMILTON,78,Sector 1,35 / 53
1084,HAMILTON,78,Sector 1,35 / 53
1087,HAMILTON,79,Sector 1,35 / 53
1090,HAMILTON,81,Sector 1,35 / 53
1093,HAMILTON,81,Sector 1,35 / 53
1096,HAMILTON,83,Sector 1,35 / 53
1099,HAMILTON,83,Sector 1,35 / 53
1102,HAMILTON,86,Sector 1,35 / 53
1105,HAMILTON,86,Sector 1,35 / 53
1108,HAMILTON,89,Sector 1,35 / 53
1111,HAMILTON,91,Sector 1,35 / 53
1114,HAMILTON,92,Sector 1,35 / 53
1117,HAMILTON,94,Sector 1,35 / 53
1120,HAMILTON,97,Sector 1,35 / 53
1123,HAMILTON,99,Sector 1,35 / 53
1126,HAMILTON,101,Sector 1,35 / 53
1129,HAMILTON,103,Sector 1,35 / 53
1132,HAMILTON,105,Sector 1,35 / 53
1135,HAMILTON,107,Sector 1,35 / 53
1138,HAMILTON,109,Sector 1,35 / 53
1141,HAMILTON,111,Sector 1,35 / 53
1144,HAMILTON,116,Sector 1,35 / 53
1147,HAMILTON,117,Sector 1,35 / 53
1150,HAMILTON,122,Sector 1,35 / 53
1153,HAMILTON,125,Sector 1,35 / 53
1156,HAMILTON,128,Sector 2,35 / 53
1159,HAMILTON,131,Sector 2,35 / 53
1162,HAMILTON,132,Sector 2,35 / 53
1165,HAMILTON,133,Sector 2,35 / 53
1168,HAMILTON,135,Sector 2,35 / 53
1171,HAMILTON,135,Sector 2,35 / 53
1174,HAMILTON,137,Sector 2,35 / 53
1177,HAMILTON,137,Sector 2,35 / 53
1180,HAMILTON,137,Sector 2,35 / 53
1183,HAMILTON,137,Sector 2,35 / 53
1186,HAMILTON,136,Sector 2,35 / 53
1189,HAMILTON,136,Sector 2,35 / 53
1192,HAMILTON,136,Sector 2,35 / 53
1195,HAMILTON,136,Sector 2,35 / 53
1198,HAMILTON,136,Sector 2,35 / 53
1201,HAMILTON,137,Sector 2,35 / 53
1204,HAMILTON,139,Sector 2,35 / 53
1207,HAMILTON,140,Sector 2,35 / 53
1210,HAMILTON,141,Sector 2,35 / 53
1213,HAMILTON,142,Sector 2,35 / 53
1216,HAMILTON,144,Sector 2,35 / 53
1219,HAMILTON,146,Sector 2,35 / 53
1222,HAMILTON,148,Sector 2,35 / 53
1225,HAMILTON,150,Sector 2,35 / 53
1228,HAMILTON,152,Sector 2,35 / 53
1231,HAMILTON,155,Sector 2,35 / 53
1234,HAMILTON,156,Sector 2,35 / 53
1237,HAMILTON,160,Sector 2,35 / 53
1240,HAMILTON,161,Sector 2,35 / 53
1243,HAMILTON,163,Sector 2,35 / 53
1246,HAMILTON,167,Sector 2,35 / 53
1249,HAMILTON,169,Sector 2,35 / 53
1252,HAMILTON,170,Sector 2,35 / 53
1255,HAMILTON,173,Sector 2,35 / 53
1258,HAMILTON,176,Sector 2,35 / 53
1261,HAMILTON,183,Sector 2,35 / 53
1264,HAMILTON,186,Sector 2,35 / 53
1267,HAMILTON,188,Sector 2,35 / 53
1270,HAMILTON,191,Sector 2,35 / 53
1273,HAMILTON,193,Sector 2,35 / 53
1276,HAMILTON,196,Sector 2,35 / 53
1279,HAMILTON,200,Sector 2,35 / 53
1282,HAMILTON,202,Sector 2,35 / 53
1285,HAMILTON,204,Sector 2,35 / 53
1288,HAMILTON,206,Sector 2,35 / 53
1291,HAMILTON,209,Sector 2,35 / 53
1294,HAMILTON,212,Sector 2,35 / 53
1297,HAMILTON,214,Sector 2,35 / 53
1300,HAMILTON,216,Sector 2,35 / 53
1303,HAMILTON,218,Sector 2,35 / 53
1306,HAMILTON,220,Sector 2,35 / 53
1309,HAMILTON,222,Sector 2,35 / 53
1312,HAMILTON,226,Sector 2,35 / 53
1315,HAMILTON,228,Sector 2,35 / 53
1318,HAMILTON,229,Sector 2,35 / 53
1321,HAMILTON,233,Sector 2,35 / 53
1324,HAMILTON,235,Sector 2,35 / 53
1327,HAMILTON,237,Sector 2,35 / 53
1330,HAMILTON,237,Sector 2,35 / 53
1333,HAMILTON,239,Sector 2,35 / 53
1336,HAMILTON,241,Sector 2,35 / 53
1339,HAMILTON,242,Sector 2,35 / 53
1342,HAMILTON,243,Sector 2,35 / 53
1345,HAMILTON,244,Sector 2,35 / 53
1348,HAMILTON,245,Sector 2,35 / 53
1351,HAMILTON,247,Sector 2,35 / 53
1354,HAMILTON,247,Sector 2,35 / 53
1357,HAMILTON,249,Sector 2,35 / 53
1360,HAMILTON,250,Sector 2,35 / 53
1363,HAMILTON,251,Sector 2,35 / 53
1366,HAMILTON,252,Sector 2,35 / 53
1369,HAMILTON,253,Sector 2,35 / 53
1372,HAMILTON,253,Sector 2,35 / 53
1375,HAMILTON,254,Sector 2,35 / 53
1378,HAMILTON,255,Sector 2,35 / 53
1381,HAMILTON,256,Sector 2,35 / 53
1384,HAMILTON,258,Sector 2,35 / 53
1387,HAMILTON,259,Sector 2,35 / 53
1390,HAMILTON,260,Sector 2,35 / 53
1393,HAMILTON,262,Sector 2,35 / 53
1396,HAMILTON,263,Sector 2,35 / 53
1399,HAMILTON,264,Sector 2,35 / 53
1402,HAMILTON,266,Sector 2,35 / 53
1405,HAMILTON,267,Sector 2,35 / 53
1408,HAMILTON,267,Sector 2,35 / 53
1411,HAMILTON,268,Sector 2,35 / 53
1414,HAMILTON,268,Sector 2,35 / 53
1417,HAMILTON,269,Sector 2,35 / 53
1420,HAMILTON,269,Sector 2,35 / 53
1423,HAMILTON,272,Sector 2,35 / 53
1426,HAMILTON,273,Sector 2,35 / 53
1429,HAMILTON,273,Sector 2,35 / 53
1432,HAMILTON,274,Sector 2,35 / 53
1435,HAMILTON,275,Sector 2,35 / 53
1438,HAMILTON,276,Sector 2,35 / 53
1441,HAMILTON,276,Sector 2,35 / 53
1444,HAMILTON,277,Sector 2,35 / 53
1447,HAMILTON,278,Sector 2,35 / 53
1450,HAMILTON,279,Sector 2,35 / 53
1453,HAMILTON,279,Sector 2,35 / 53
1456,HAMILTON,280,Sector 2,35 / 53
1459,HAMILTON,281,Sector 2,35 / 53
1462,HAMILTON,282,Sector 2,35 / 53
1465,HAMILTON,282,Sector 2,35 / 53
1468,HAMILTON,283,Sector 2,35 / 53
1471,HAMILTON,284,Sector 2,35 / 53
1474,HAMILTON,285,Sector 2,35 / 53
1477,HAMILTON,285,Sector 2,35 / 53
1480,HAMILTON,286,Sector 2,35 / 53
1483,HAMILTON,287,Sector 2,35 / 53
1486,HAMILTON,287,Sector 2,35 / 53
1489,HAMILTON,287,Sector 2,35 / 53
1492,HAMILTON,288,Sector 2,35 / 53
1495,HAMILTON,289,Sector 2,35 / 53
1498,HAMILTON,289,Sector 2,35 / 53
1501,HAMILTON,290,Sector 2,35 / 53
1504,HAMILTON,290,Sector 2,35 / 53
1507,HAMILTON,291,Sector 2,35 / 53
1510,HAMILTON,291,Sector 2,35 / 53
1513,HAMILTON,292,Sector 2,35 / 53
1516,HAMILTON,293,Sector 2,35 / 53
1519,HAMILTON,293,Sector 2,35 / 53
1522,HAMILTON,293,Sector 2,35 / 53
1525,HAMILTON,294,Sector 2,35 / 53
1528,HAMILTON,294,Sector 2,35 / 53
1531,HAMILTON,295,Sector 2,35 / 53
1534,HAMILTON,295,Sector 2,35 / 53
1537,HAMILTON,295,Sector 2,35 / 53
1540,HAMILTON,296,Sector 2,35 / 53
1543,HAMILTON,296,Sector 2,35 / 53
1546,HAMILTON,297,Sector 2,35 / 53
1549,HAMILTON,297,Sector 2,35 / 53
1552,HAMILTON,297,Sector 2,35 / 53
1555,HAMILTON,298,Sector 2,35 / 53
1558,HAMILTON,298,Sector 2,35 / 53
1561,HAMILTON,299,Sector 2,35 / 53
1564,HAMILTON,299,Sector 2,35 / 53
1567,HAMILTON,299,Sector 2,35 / 53
1570,HAMILTON,299,Sector 2,35 / 53
1573,HAMILTON,299,Sector 2,35 / 53
1576,HAMILTON,299,Sector 2,35 / 53
1579,HAMILTON,300,Sector 2,35 / 53
1582,HAMILTON,300,Sector 2,35 / 53
1585,HAMILTON,300,Sector 2,35 / 53
1588,HAMILTON,301,Sector 2,35 / 53
1591,HAMILTON,301,Sector 2,35 / 53
1594,HAMILTON,301,Sector 2,35 / 53
1597,HAMILTON,302,Sector 2,35 / 53
1600,HAMILTON,302,Sector 2,35 / 53
1603,HAMILTON,302,Sector 2,35 / 53
1606,HAMILTON,302,Sector 2,35 / 53
1609,HAMILTON,302,Sector 2,35 / 53
1612,HAMILTON,302,Sector 2,35 / 53
1615,HAMILTON,302,Sector 2,35 / 53
1618,HAMILTON,302,Sector 2,35 / 53
1621,HAMILTON,302,Sector 2,35 / 53
1624,HAMILTON,302,Sector 2,35 / 53
1627,HAMILTON,302,Sector 2,35 / 53
1630,HAMILTON,302,Sector 2,35 / 53
1633,HAMILTON,302,Sector 2,35 / 53
1636,HAMILTON,302,Sector 2,35 / 53
1639,HAMILTON,302,Sector 2,35 / 53
1642,HAMILTON,302,Sector 2,35 / 53
1645,HAMILTON,301,Sector 2,35 / 53
1648,HAMILTON,301,Sector 2,35 / 53
1651,HAMILTON,301,Sector 2,35 / 53
1654,HAMILTON,301,Sector 2,35 / 53
1657,HAMILTON,301,Sector 2,35 / 53
1660,HAMILTON,300,Sector 2,35 / 53
1663,HAMILTON,300,Sector 2,35 / 53
1666,HAMILTON,300,Sector 2,35 / 53
1669,HAMILTON,299,Sector 2,35 / 53
1672,HAMILTON,299,Sector 2,35 / 53
1675,HAMILTON,298,Sector 2,35 / 53
1678,HAMILTON,298,Sector 2,35 / 53
1681,HAMILTON,298,Sector 2,35 / 53
1684,HAMILTON,297,Sector 2,35 / 53
1687,HAMILTON,297,Sector 2,35 / 53
1690,HAMILTON,297,Sector 2,35 / 53
1693,HAMILTON,297,Sector 2,35 / 53
1696,HAMILTON,297,Sector 2,35 / 53
1699,HAMILTON,296,Sector 2,35 / 53
1702,HAMILTON,296,Sector 2,35 / 53
1705,HAMILTON,296,Sector 2,35 / 53
1708,HAMILTON,295,Sector 2,35 / 53
1711,HAMILTON,295,Sector 2,35 / 53
1714,HAMILTON,295,Sector 2,35 / 53
1717,HAMILTON,294,Sector 2,35 / 53
1720,HAMILTON,294,Sector 2,35 / 53
1723,HAMILTON,293,Sector 2,35 / 53
1726,HAMILTON,293,Sector 2,35 / 53
1729,HAMILTON,293,Sector 2,35 / 53
1732,HAMILTON,292,Sector 2,35 / 53
1735,HAMILTON,291,Sector 2,35 / 53
1738,HAMILTON,291,Sector 2,35 / 53
1741,HAMILTON,291,Sector 2,35 / 53
1744,HAMILTON,291,Sector 2,35 / 53
1747,HAMILTON,291,Sector 2,35 / 53
1750,HAMILTON,289,Sector 2,35 / 53
1753,HAMILTON,287,Sector 2,35 / 53
1756,HAMILTON,282,Sector 2,35 / 53
1759,HAMILTON,280,Sector 2,35 / 53
1762,HAMILTON,273,Sector 2,35 / 53
1765,HAMILTON,269,Sector 2,35 / 53
1768,HAMILTON,263,Sector 2,35 / 53
1771,HAMILTON,256,Sector 2,35 / 53
1774,HAMILTON,247,Sector 2,35 / 53
1777,HAMILTON,241,Sector 2,35 / 53
1780,HAMILTON,228,Sector 2,35 / 53
1783,HAMILTON,220,Sector 2,35 / 53
1786,HAMILTON,203,Sector 2,35 / 53
1789,HAMILTON,198,Sector 2,35 / 53
1792,HAMILTON,190,Sector 2,35 / 53
1795,HAMILTON,183,Sector 2,35 / 53
1798,HAMILTON,180,Sector 2,35 / 53
1801,HAMILTON,173,Sector 2,35 / 53
1804,HAMILTON,169,Sector 2,35 / 53
1807,HAMILTON,164,Sector 2,35 / 53
1810,HAMILTON,160,Sector 2,35 / 53
1813,HAMILTON,159,Sector 2,35 / 53
1816,HAMILTON,156,Sector 2,35 / 53
1819,HAMILTON,154,Sector 2,35 / 53
1822,HAMILTON,153,Sector 2,35 / 53
1825,HAMILTON,151,Sector 2,35 / 53
1828,HAMILTON,148,Sector 2,35 / 53
1831,HAMILTON,148,Sector 2,35 / 53
1834,HAMILTON,146,Sector 2,35 / 53
1837,HAMILTON,146,Sector 2,35 / 53
1840,HAMILTON,146,Sector 2,35 / 53
1843,HAMILTON,146,Sector 2,35 / 53
1846,HAMILTON,145,Sector 2,35 / 53
1849,HAMILTON,144,Sector 2,35 / 53
1852,HAMILTON,142,Sector 2,35 / 53
1855,HAMILTON,139,Sector 2,35 / 53
1858,HAMILTON,135,Sector 2,35 / 53
1861,HAMILTON,132,Sector 2,35 / 53
1864,HAMILTON,129,Sector 2,35 / 53
1867,HAMILTON,125,Sector 2,35 / 53
1870,HAMILTON,121,Sector 2,35 / 53
1873,HAMILTON,118,Sector 2,35 / 53
1876,HAMILTON,115,Sector 2,35 / 53
1879,HAMILTON,113,Sector 2,35 / 53
1882,HAMILTON,110,Sector 2,35 / 53
1885,HAMILTON,108,Sector 2,35 / 53
1888,HAMILTON,106,Sector 2,35 / 53
1891,HAMILTON,105,Sector 2,35 / 53
1894,HAMILTON,103,Sector 2,35 / 53
1897,HAMILTON,103,Sector 2,35 / 53
1900,HAMILTON,102,Sector 2,35 / 53
1903,HAMILTON,102,Sector 2,35 / 53
1906,HAMILTON,102,Sector 2,35 / 53
1909,HAMILTON,102,Sector 2,35 / 53
1912,HAMILTON,103,Sector 2,35 / 53
1915,HAMILTON,105,Sector 2,35 / 53
1918,HAMILTON,105,Sector 2,35 / 53
1921,HAMILTON,109,Sector 2,35 / 53
1924,HAMILTON,111,Sector 2,35 / 53
1927,HAMILTON,112,Sector 2,35 / 53
1930,HAMILTON,115,Sector 2,35 / 53
1933,HAMILTON,116,Sector 2,35 / 53
1936,HAMILTON,119,Sector 2,35 / 53
1939,HAMILTON,122,Sector 2,35 / 53
1942,HAMILTON,124,Sector 2,35 / 53
1945,HAMILTON,131,Sector 2,35 / 53
1948,HAMILTON,134,Sector 2,35 / 53
1951,HAMILTON,138,Sector 2,35 / 53
1954,HAMILTON,140,Sector 2,35 / 53
1957,HAMILTON,147,Sector 2,35 / 53
1960,HAMILTON,151,Sector 2,35 / 53
1963,HAMILTON,156,Sector 2,35 / 53
1966,HAMILTON,161,Sector 2,35 / 53
1969,HAMILTON,164,Sector 2,35 / 53
1972,HAMILTON,168,Sector 2,35 / 53
1975,HAMILTON,173,Sector 2,35 / 53
1978,HAMILTON,176,Sector 2,35 / 53
1981,HAMILTON,179,Sector 2,35 / 53
1984,HAMILTON,182,Sector 2,35 / 53
1987,HAMILTON,185,Sector 2,35 / 53
1990,HAMILTON,188,Sector 2,35 / 53
1993,HAMILTON,194,Sector 2,35 / 53
1996,HAMILTON,197,Sector 2,35 / 53
1999,HAMILTON,200,Sector 2,35 / 53
2002,HAMILTON,201,Sector 2,35 / 53
2005,HAMILTON,205,Sector 2,35 / 53
2008,HAMILTON,209,Sector 2,35 / 53
2011,HAMILTON,212,Sector 2,35 / 53
2014,HAMILTON,215,Sector 2,35 / 53
2017,HAMILTON,218,Sector 2,35 / 53
2020,HAMILTON,220,Sector 2,35 / 53
2023,HAMILTON,222,Sector 2,35 / 53
2026,HAMILTON,223,Sector 2,35 / 53
2029,HAMILTON,226,Sector 2,35 / 53
2032,HAMILTON,228,Sector 2,35 / 53
2035,HAMILTON,232,Sector 2,35 / 53
2038,HAMILTON,233,Sector 2,35 / 53
2041,HAMILTON,235,Sector 2,35 / 53
2044,HAMILTON,237,Sector 2,35 / 53
2047,HAMILTON,238,Sector 2,35 / 53
2050,HAMILTON,241,Sector 2,35 / 53
2053,HAMILTON,243,Sector 2,35 / 53
2056,HAMILTON,245,Sector 2,35 / 53
2059,HAMILTON,247,Sector 2,35 / 53
2062,HAMILTON,247,Sector 2,35 / 53
2065,HAMILTON,248,Sector 2,35 / 53
2068,HAMILTON,249,Sector 2,35 / 53
2071,HAMILTON,251,Sector 2,35 / 53
2074,HAMILTON,254,Sector 2,35 / 53
2077,HAMILTON,255,Sector 2,35 / 53
2080,HAMILTON,256,Sector 2,35 / 53
2083,HAMILTON,258,Sector 2,35 / 53
2086,HAMILTON,259,Sector 2,35 / 53
2089,HAMILTON,260,Sector 2,35 / 53
2092,HAMILTON,262,Sector 2,35 / 53
2095,HAMILTON,263,Sector 2,35 / 53
2098,HAMILTON,264,Sector 2,35 / 53
2101,HAMILTON,265,Sector 2,35 / 53
2104,HAMILTON,266,Sector 2,35 / 53
2107,HAMILTON,266,Sector 2,35 / 53
2110,HAMILTON,266,Sector 2,35 / 53
2113,HAMILTON,266,Sector 2,35 / 53
2116,HAMILTON,268,Sector 2,35 / 53
2119,HAMILTON,269,Sector 2,35 / 53
2122,HAMILTON,270,Sector 2,35 / 53
2125,HAMILTON,271,Sector 2,35 / 53
2128,HAMILTON,272,Sector 2,35 / 53
2131,HAMILTON,273,Sector 2,35 / 53
2134,HAMILTON,275,Sector 2,35 / 53
2137,HAMILTON,276,Sector 2,35 / 53
2140,HAMILTON,276,Sector 2,35 / 53
2143,HAMILTON,278,Sector 2,35 / 53
2146,HAMILTON,278,Sector 2,35 / 53
2149,HAMILTON,279,Sector 2,35 / 53
2152,HAMILTON,280,Sector 2,35 / 53
2155,HAMILTON,281,Sector 3,35 / 53
2158,HAMILTON,282,Sector 3,35 / 53
2161,HAMILTON,282,Sector 3,35 / 53
2164,HAMILTON,283,Sector 3,35 / 53
2167,HAMILTON,284,Sector 3,35 / 53
2170,HAMILTON,285,Sector 3,35 / 53
2173,HAMILTON,286,Sector 3,35 / 53
2176,HAMILTON,286,Sector 3,35 / 53
2179,HAMILTON,286,Sector 3,35 / 53
2182,HAMILTON,287,Sector 3,35 / 53
2185,HAMILTON,288,Sector 3,35 / 53
2188,HAMILTON,289,Sector 3,35 / 53
2191,HAMILTON,289,Sector 3,35 / 53
2194,HAMILTON,289,Sector 3,35 / 53
2197,HAMILTON,290,Sector 3,35 / 53
2200,HAMILTON,290,Sector 3,35 / 53
2203,HAMILTON,291,Sector 3,35 / 53
2206,HAMILTON,291,Sector 3,35 / 53
2209,HAMILTON,292,Sector 3,35 / 53
2212,HAMILTON,293,Sector 3,35 / 53
2215,HAMILTON,293,Sector 3,35 / 53
2218,HAMILTON,293,Sector 3,35 / 53
2221,HAMILTON,294,Sector 3,35 / 53
2224,HAMILTON,294,Sector 3,35 / 53
2227,HAMILTON,294,Sector 3,35 / 53
2230,HAMILTON,295,Sector 3,35 / 53
2233,HAMILTON,295,Sector 3,35 / 53
2236,HAMILTON,295,Sector 3,35 / 53
2239,HAMILTON,295,Sector 3,35 / 53
2242,HAMILTON,295,Sector 3,35 / 53
2245,HAMILTON,296,Sector 3,35 / 53
2248,HAMILTON,296,Sector 3,35 / 53
2251,HAMILTON,296,Sector 3,35 / 53
2254,HAMILTON,297,Sector 3,35 / 53
2257,HAMILTON,297,Sector 3,35 / 53
2260,HAMILTON,297,Sector 3,35 / 53
2263,HAMILTON,298,Sector 3,35 / 53
2266,HAMILTON,298,Sector 3,35 / 53
2269,HAMILTON,298,Sector 3,35 / 53
2272,HAMILTON,298,Sector 3,35 / 53
2275,HAMILTON,298,Sector 3,35 / 53
2278,HAMILTON,299,Sector 3,35 / 53
2281,HAMILTON,299,Sector 3,35 / 53
2284,HAMILTON,299,Sector 3,35 / 53
2287,HAMILTON,299,Sector 3,35 / 53
2290,HAMILTON,298,Sector 3,35 / 53
2293,HAMILTON,298,Sector 3,35 / 53
2296,HAMILTON,297,Sector 3,35 / 53
2299,HAMILTON,295,Sector 3,35 / 53
2302,HAMILTON,294,Sector 3,35 / 53
2305,HAMILTON,292,Sector 3,35 / 53
2308,HAMILTON,289,Sector 3,35 / 53
2311,HAMILTON,289,Sector 3,35 / 53
2314,HAMILTON,288,Sector 3,35 / 53
2317,HAMILTON,286,Sector 3,35 / 53
2320,HAMILTON,285,Sector 3,35 / 53
2323,HAMILTON,282,Sector 3,35 / 53
2326,HAMILTON,281,Sector 3,35 / 53
2329,HAMILTON,281,Sector 3,35 / 53
2332,HAMILTON,280,Sector 3,35 / 53
2335,HAMILTON,279,Sector 3,35 / 53
2338,HAMILTON,279,Sector 3,35 / 53
2341,HAMILTON,279,Sector 3,35 / 53
2344,HAMILTON,278,Sector 3,35 / 53
2347,HAMILTON,278,Sector 3,35 / 53
2350,HAMILTON,278,Sector 3,35 / 53
2353,HAMILTON,278,Sector 3,35 / 53
2356,HAMILTON,278,Sector 3,35 / 53
2359,HAMILTON,279,Sector 3,35 / 53
2362,HAMILTON,279,Sector 3,35 / 53
2365,HAMILTON,279,Sector 3,35 / 53
2368,HAMILTON,279,Sector 3,35 / 53
2371,HAMILTON,279,Sector 3,35 / 53
2374,HAMILTON,279,Sector 3,35 / 53
2377,HAMILTON,280,Sector 3,35 / 53
2380,HAMILTON,280,Sector 3,35 / 53
2383,HAMILTON,280,Sector 3,35 / 53
2386,HAMILTON,280,Sector 3,35 / 53
2389,HAMILTON,281,Sector 3,35 / 53
2392,HAMILTON,282,Sector 3,35 / 53
2395,HAMILTON,282,Sector 3,35 / 53
2398,HAMILTON,282,Sector 3,35 / 53
2401,HAMILTON,282,Sector 3,35 / 53
2404,HAMILTON,282,Sector 3,35 / 53
2407,HAMILTON,282,Sector 3,35 / 53
2410,HAMILTON,282,Sector 3,35 / 53
2413,HAMILTON,282,Sector 3,35 / 53
2416,HAMILTON,282,Sector 3,35 / 53
2419,HAMILTON,282,Sector 3,35 / 53
2422,HAMILTON,282,Sector 3,35 / 53
2425,HAMILTON,282,Sector 3,35 / 53
2428,HAMILTON,282,Sector 3,35 / 53
2431,HAMILTON,282,Sector 3,35 / 53
2434,HAMILTON,282,Sector 3,35 / 53
2437,HAMILTON,282,Sector 3,35 / 53
2440,HAMILTON,282,Sector 3,35 / 53
2443,HAMILTON,282,Sector 3,35 / 53
2446,HAMILTON,282,Sector 3,35 / 53
2449,HAMILTON,279,Sector 3,35 / 53
2452,HAMILTON,278,Sector 3,35 / 53
2455,HAMILTON,276,Sector 3,35 / 53
2458,HAMILTON,271,Sector 3,35 / 53
2461,HAMILTON,270,Sector 3,35 / 53
2464,HAMILTON,270,Sector 3,35 / 53
2467,HAMILTON,270,Sector 3,35 / 53
2470,HAMILTON,265,Sector 3,35 / 53
2473,HAMILTON,258,Sector 3,35 / 53
2476,HAMILTON,245,Sector 3,35 / 53
2479,HAMILTON,243,Sector 3,35 / 53
2482,HAMILTON,241,Sector 3,35 / 53
2485,HAMILTON,237,Sector 3,35 / 53
2488,HAMILTON,234,Sector 3,35 / 53
2491,HAMILTON,230,Sector 3,35 / 53
2494,HAMILTON,226,Sector 3,35 / 53
2497,HAMILTON,225,Sector 3,35 / 53
2500,HAMILTON,223,Sector 3,35 / 53
2503,HAMILTON,222,Sector 3,35 / 53
2506,HAMILTON,221,Sector 3,35 / 53
2509,HAMILTON,218,Sector 3,35 / 53
2512,HAMILTON,214,Sector 3,35 / 53
2515,HAMILTON,212,Sector 3,35 / 53
2518,HAMILTON,207,Sector 3,35 / 53
2521,HAMILTON,204,Sector 3,35 / 53
2524,HAMILTON,203,Sector 3,35 / 53
2527,HAMILTON,198,Sector 3,35 / 53
2530,HAMILTON,196,Sector 3,35 / 53
2533,HAMILTON,193,Sector 3,35 / 53
2536,HAMILTON,189,Sector 3,35 / 53
2539,HAMILTON,188,Sector 3,35 / 53
2542,HAMILTON,186,Sector 3,35 / 53
2545,HAMILTON,184,Sector 3,35 / 53
2548,HAMILTON,183,Sector 3,35 / 53
2551,HAMILTON,181,Sector 3,35 / 53
2554,HAMILTON,179,Sector 3,35 / 53
2557,HAMILTON,176,Sector 3,35 / 53
2560,HAMILTON,174,Sector 3,35 / 53
2563,HAMILTON,173,Sector 3,35 / 53
2566,HAMILTON,172,Sector 3,35 / 53
2569,HAMILTON,169,Sector 3,35 / 53
2572,HAMILTON,166,Sector 3,35 / 53
2575,HAMILTON,165,Sector 3,35 / 53
2578,HAMILTON,163,Sector 3,35 / 53
2581,HAMILTON,163,Sector 3,35 / 53
2584,HAMILTON,161,Sector 3,35 / 53
2587,HAMILTON,160,Sector 3,35 / 53
2590,HAMILTON,159,Sector 3,35 / 53
2593,HAMILTON,157,Sector 3,35 / 53
2596,HAMILTON,155,Sector 3,35 / 53
2599,HAMILTON,154,Sector 3,35 / 53
2602,HAMILTON,154,Sector 3,35 / 53
2605,HAMILTON,153,Sector 3,35 / 53
2608,HAMILTON,151,Sector 3,35 / 53
2611,HAMILTON,150,Sector 3,35 / 53
2614,HAMILTON,148,Sector 3,35 / 53
2617,HAMILTON,147,Sector 3,35 / 53
2620,HAMILTON,146,Sector 3,35 / 53
2623,HAMILTON,146,Sector 3,35 / 53
2626,HAMILTON,146,Sector 3,35 / 53
2629,HAMILTON,146,Sector 3,35 / 53
2632,HAMILTON,147,Sector 3,35 / 53
2635,HAMILTON,147,Sector 3,35 / 53
2638,HAMILTON,148,Sector 3,35 / 53
2641,HAMILTON,149,Sector 3,35 / 53
2644,HAMILTON,150,Sector 3,35 / 53
2647,HAMILTON,151,Sector 3,35 / 53
2650,HAMILTON,152,Sector 3,35 / 53
2653,HAMILTON,153,Sector 3,35 / 53
2656,HAMILTON,155,Sector 3,35 / 53
2659,HAMILTON,157,Sector 3,35 / 53
2662,HAMILTON,158,Sector 3,35 / 53
2665,HAMILTON,160,Sector 3,35 / 53
2668,HAMILTON,161,Sector 3,35 / 53
2671,HAMILTON,162,Sector 3,35 / 53
2674,HAMILTON,166,Sector 3,35 / 53
2677,HAMILTON,169,Sector 3,35 / 53
2680,HAMILTON,170,Sector 3,35 / 53
2683,HAMILTON,173,Sector 3,35 / 53
2686,HAMILTON,175,Sector 3,35 / 53
2689,HAMILTON,179,Sector 3,35 / 53
2692,HAMILTON,184,Sector 3,35 / 53
2695,HAMILTON,186,Sector 3,35 / 53
2698,HAMILTON,190,Sector 3,35 / 53
2701,HAMILTON,192,Sector 3,35 / 53
2704,HAMILTON,195,Sector 3,35 / 53
2707,HAMILTON,197,Sector 3,35 / 53
2710,HAMILTON,199,Sector 3,35 / 53
2713,HAMILTON,203,Sector 3,35 / 53
2716,HAMILTON,206,Sector 3,35 / 53
2719,HAMILTON,208,Sector 3,35 / 53
2722,HAMILTON,211,Sector 3,35 / 53
2725,HAMILTON,213,Sector 3,35 / 53
2728,HAMILTON,215,Sector 3,35 / 53
2731,HAMILTON,218,Sector 3,35 / 53
2734,HAMILTON,222,Sector 3,35 / 53
2737,HAMILTON,223,Sector 3,35 / 53
2740,HAMILTON,224,Sector 3,35 / 53
2743,HAMILTON,225,Sector 3,35 / 53
2746,HAMILTON,226,Sector 3,35 / 53
2749,HAMILTON,227,Sector 3,35 / 53
2752,HAMILTON,229,Sector 3,35 / 53
2755,HAMILTON,230,Sector 3,35 / 53
2758,HAMILTON,232,Sector 3,35 / 53
2761,HAMILTON,233,Sector 3,35 / 53
2764,HAMILTON,232,Sector 3,35 / 53
2767,HAMILTON,231,Sector 3,35 / 53
2770,HAMILTON,227,Sector 3,35 / 53
2773,HAMILTON,222,Sector 3,35 / 53
2776,HAMILTON,211,Sector 3,35 / 53
2779,HAMILTON,208,Sector 3,35 / 53
2782,HAMILTON,203,Sector 3,35 / 53
2785,HAMILTON,196,Sector 3,35 / 53
2788,HAMILTON,194,Sector 3,35 / 53
2791,HAMILTON,187,Sector 3,35 / 53
2794,HAMILTON,183,Sector 3,35 / 53
2797,HAMILTON,180,Sector 3,35 / 53
2800,HAMILTON,176,Sector 3,35 / 53
2803,HAMILTON,173,Sector 3,35 / 53
2806,HAMILTON,170,Sector 3,35 / 53
2809,HAMILTON,163,Sector 3,35 / 53
2812,HAMILTON,160,Sector 3,35 / 53
2815,HAMILTON,158,Sector 3,35 / 53
2818,HAMILTON,157,Sector 3,35 / 53
2821,HAMILTON,154,Sector 3,35 / 53
2824,HAMILTON,152,Sector 3,35 / 53
2827,HAMILTON,149,Sector 3,35 / 53
2830,HAMILTON,146,Sector 3,35 / 53
2833,HAMILTON,142,Sector 3,35 / 53
2836,HAMILTON,141,Sector 3,35 / 53
2839,HAMILTON,140,Sector 3,35 / 53
2842,HAMILTON,138,Sector 3,35 / 53
2845,HAMILTON,136,Sector 3,35 / 53
2848,HAMILTON,134,Sector 3,35 / 53
2851,HAMILTON,132,Sector 3,35 / 53
2854,HAMILTON,131,Sector 3,35 / 53
2857,HAMILTON,130,Sector 3,35 / 53
2860,HAMILTON,128,Sector 3,35 / 53
2863,HAMILTON,126,Sector 3,35 / 53
2866,HAMILTON,126,Sector 3,35 / 53
2869,HAMILTON,123,Sector 3,35 / 53
2872,HAMILTON,122,Sector 3,35 / 53
2875,HAMILTON,120,Sector 3,35 / 53
2878,HAMILTON,120,Sector 3,35 / 53
2881,HAMILTON,119,Sector 3,35 / 53
2884,HAMILTON,118,Sector 3,35 / 53
2887,HAMILTON,117,Sector 3,35 / 53
2890,HAMILTON,117,Sector 3,35 / 53
2893,HAMILTON,118,Sector 3,35 / 53
2896,HAMILTON,119,Sector 3,35 / 53
2899,HAMILTON,120,Sector 3,35 / 53
2902,HAMILTON,121,Sector 3,35 / 53
2905,HAMILTON,122,Sector 3,35 / 53
2908,HAMILTON,123,Sector 3,35 / 53
2911,HAMILTON,127,Sector 3,35 / 53
2914,HAMILTON,130,Sector 3,35 / 53
2917,HAMILTON,132,Sector 3,35 / 53
2920,HAMILTON,133,Sector 3,35 / 53
2923,HAMILTON,138,Sector 3,35 / 53
2926,HAMILTON,139,Sector 3,35 / 53
2929,HAMILTON,146,Sector 3,35 / 53
2932,HAMILTON,150,Sector 3,35 / 53
2935,HAMILTON,153,Sector 3,35 / 53
2938,HAMILTON,157,Sector 3,35 / 53
2941,HAMILTON,159,Sector 3,35 / 53
2944,HAMILTON,160,Sector 3,35 / 53
2947,HAMILTON,162,Sector 3,35 / 53
2950,HAMILTON,172,Sector 3,35 / 53
2953,HAMILTON,177,Sector 3,35 / 53
2956,HAMILTON,180,Sector 3,35 / 53
2959,HAMILTON,185,Sector 3,35 / 53
2962,HAMILTON,187,Sector 3,35 / 53
2965,HAMILTON,192,Sector 3,35 / 53
2968,HAMILTON,195,Sector 3,35 / 53
2971,HAMILTON,199,Sector 3,35 / 53
2974,HAMILTON,202,Sector 3,35 / 53
2977,HAMILTON,204,Sector 3,35 / 53
2980,HAMILTON,207,Sector 3,35 / 53
2983,HAMILTON,210,Sector 3,35 / 53
2986,HAMILTON,212,Sector 3,35 / 53
2989,HAMILTON,215,Sector 3,35 / 53
2992,HAMILTON,219,Sector 3,35 / 53
2995,HAMILTON,222,Sector 3,35 / 53
2998,HAMILTON,223,Sector 3,35 / 53
3001,HAMILTON,225,Sector 3,35 / 53
3004,HAMILTON,227,Sector 3,35 / 53
3007,HAMILTON,230,Sector 3,35 / 53
3010,HAMILTON,232,Sector 3,35 / 53
3013,HAMILTON,234,Sector 3,35 / 53
3016,HAMILTON,235,Sector 3,35 / 53
3019,HAMILTON,238,Sector 3,35 / 53
3022,HAMILTON,239,Sector 3,35 / 53
3025,HAMILTON,241,Sector 3,35 / 53
3028,HAMILTON,242,Sector 3,35 / 53
3031,HAMILTON,244,Sector 3,35 / 53
3034,HAMILTON,245,Sector 3,35 / 53
3037,HAMILTON,247,Sector 3,35 / 53
3040,HAMILTON,248,Sector 3,35 / 53
3043,HAMILTON,250,Sector 3,35 / 53
3046,HAMILTON,251,Sector 3,35 / 53
3049,HAMILTON,251,Sector 3,35 / 53
3052,HAMILTON,251,Sector 3,35 / 53
3055,HAMILTON,252,Sector 3,35 / 53
3058,HAMILTON,253,Sector 3,35 / 53
3061,HAMILTON,253,Sector 3,35 / 53
3064,HAMILTON,254,Sector 3,35 / 53
3067,HAMILTON,255,Sector 3,35 / 53
3070,HAMILTON,256,Sector 3,35 / 53
3073,HAMILTON,256,Sector 3,35 / 53
3076,HAMILTON,257,Sector 3,35 / 53
3079,HAMILTON,258,Sector 3,35 / 53
3082,HAMILTON,258,Sector 3,35 / 53
3085,HAMILTON,260,Sector 3,35 / 53
3088,HAMILTON,260,Sector 3,35 / 53
3091,HAMILTON,260,Sector 3,35 / 53
3094,HAMILTON,259,Sector 3,35 / 53
3097,HAMILTON,258,Sector 3,35 / 53
3100,HAMILTON,258,Sector 3,35 / 53
3103,HAMILTON,258,Sector 3,35 / 53
3106,HAMILTON,258,Sector 3,35 / 53
3109,HAMILTON,250,Sector 3,35 / 53
3112,HAMILTON,239,Sector 3,35 / 53
3115,HAMILTON,232,Sector 3,35 / 53
3118,HAMILTON,227,Sector 3,35 / 53
3121,HAMILTON,221,Sector 3,35 / 53
3124,HAMILTON,217,Sector 3,35 / 53
3127,HAMILTON,210,Sector 3,35 / 53
3130,HAMILTON,209,Sector 3,35 / 53
3133,HAMILTON,205,Sector 3,35 / 53
3136,HAMILTON,202,Sector 3,35 / 53
3139,HAMILTON,201,Sector 3,35 / 53
3142,HAMILTON,200,Sector 3,35 / 53
3145,HAMILTON,190,Sector 3,35 / 53
3148,HAMILTON,188,Sector 3,35 / 53
3151,HAMILTON,181,Sector 3,35 / 53
3154,HAMILTON,179,Sector 3,35 / 53
3157,HAMILTON,178,Sector 3,35 / 53
3160,HAMILTON,175,Sector 3,35 / 53
3163,HAMILTON,170,Sector 3,35 / 53
3166,HAMILTON,168,Sector 3,35 / 53
3169,HAMILTON,166,Sector 3,35 / 53
3172,HAMILTON,164,Sector 3,35 / 53
3175,HAMILTON,162,Sector 3,35 / 53
3178,HAMILTON,160,Sector 3,35 / 53
3181,HAMILTON,159,Sector 3,35 / 53
3184,HAMILTON,157,Sector 3,35 / 53
3187,HAMILTON,154,Sector 3,35 / 53
3190,HAMILTON,151,Sector 3,35 / 53
3193,HAMILTON,149,Sector 3,35 / 53
3196,HAMILTON,147,Sector 3,35 / 53
3199,HAMILTON,145,Sector 3,35 / 53
3202,HAMILTON,143,Sector 3,35 / 53
3205,HAMILTON,142,Sector 3,35 / 53
3208,HAMILTON,141,Sector 3,35 / 53
3211,HAMILTON,141,Sector 3,35 / 53
3214,HAMILTON,141,Sector 3,35 / 53
3217,HAMILTON,141,Sector 3,35 / 53
3220,HAMILTON,141,Sector 3,35 / 53
3223,HAMILTON,141,Sector 3,35 / 53
3226,HAMILTON,143,Sector 3,35 / 53
3229,HAMILTON,144,Sector 3,35 / 53
3232,HAMILTON,145,Sector 3,35 / 53
3235,HAMILTON,146,Sector 3,35 / 53
3238,HAMILTON,148,Sector 3,35 / 53
3241,HAMILTON,148,Sector 3,35 / 53
3244,HAMILTON,148,Sector 3,35 / 53
3247,HAMILTON,147,Sector 3,35 / 53
3250,HAMILTON,145,Sector 3,35 / 53
3253,HAMILTON,143,Sector 3,35 / 53
3256,HAMILTON,136,Sector 3,35 / 53
3259,HAMILTON,132,Sector 3,35 / 53
3262,HAMILTON,125,Sector 3,35 / 53
3265,HAMILTON,123,Sector 3,35 / 53
3268,HAMILTON,120,Sector 3,35 / 53
3271,HAMILTON,114,Sector 3,35 / 53
3274,HAMILTON,111,Sector 3,35 / 53
3277,HAMILTON,106,Sector 3,35 / 53
3280,HAMILTON,103,Sector 3,35 / 53
3283,HAMILTON,101,Sector 3,35 / 53
3286,HAMILTON,99,Sector 3,35 / 53
3289,HAMILTON,95,Sector 3,35 / 53
3292,HAMILTON,94,Sector 3,35 / 53
3295,HAMILTON,91,Sector 3,35 / 53
3298,HAMILTON,89,Sector 3,35 / 53
3301,HAMILTON,89,Sector 3,35 / 53
3304,HAMILTON,86,Sector 3,35 / 53
3307,HAMILTON,84,Sector 3,35 / 53
3310,HAMILTON,84,Sector 3,35 / 53
3313,HAMILTON,82,Sector 3,35 / 53
3316,HAMILTON,81,Sector 3,35 / 53
3319,HAMILTON,80,Sector 3,35 / 53
3322,HAMILTON,78,Sector 3,35 / 53
3325,HAMILTON,77,Sector 3,35 / 53
3328,HAMILTON,77,Sector 3,35 / 53
3331,HAMILTON,77,Sector 3,35 / 53
3334,HAMILTON,77,Sector 3,35 / 53
3337,HAMILTON,79,Sector 3,35 / 53
3340,HAMILTON,83,Sector 3,35 / 53
3343,HAMILTON,84,Sector 3,35 / 53
3346,HAMILTON,86,Sector 3,35 / 53
3349,HAMILTON,88,Sector 3,35 / 53
3352,HAMILTON,90,Sector 3,35 / 53
3355,HAMILTON,92,Sector 3,35 / 53
3358,HAMILTON,95,Sector 3,35 / 53
3361,HAMILTON,96,Sector 3,35 / 53
3364,HAMILTON,98,Sector 3,35 / 53
3367,HAMILTON,101,Sector 3,35 / 53
3370,HAMILTON,104,Sector 3,35 / 53
3373,HAMILTON,108,Sector 3,35 / 53
3376,HAMILTON,111,Sector 3,35 / 53
3379,HAMILTON,113,Sector 3,35 / 53
3382,HAMILTON,117,Sector 3,35 / 53
3385,HAMILTON,122,Sector 3,35 / 53
3388,HAMILTON,126,Sector 3,35 / 53
3391,HAMILTON,130,Sector 3,35 / 53
3394,HAMILTON,138,Sector 3,35 / 53
3397,HAMILTON,141,Sector 3,35 / 53
3400,HAMILTON,145,Sector 3,35 / 53
3403,HAMILTON,149,Sector 3,35 / 53
3406,HAMILTON,152,Sector 3,35 / 53
3409,HAMILTON,155,Sector 3,35 / 53
3412,HAMILTON,158,Sector 3,35 / 53
3415,HAMILTON,164,Sector 3,35 / 53
3418,HAMILTON,172,Sector 3,35 / 53
3421,HAMILTON,175,Sector 3,35 / 53
3424,HAMILTON,179,Sector 3,35 / 53
3427,HAMILTON,185,Sector 3,35 / 53
3430,HAMILTON,186,Sector 3,35 / 53
3433,HAMILTON,186,Sector 3,35 / 53
3436,HAMILTON,187,Sector 3,35 / 53
3439,HAMILTON,191,Sector 3,35 / 53
3442,HAMILTON,199,Sector 3,35 / 53
3445,HAMILTON,204,Sector 3,35 / 53
3448,HAMILTON,206,Sector 3,35 / 53
3451,HAMILTON,212,Sector 3,35 / 53
3454,HAMILTON,214,Sector 3,35 / 53
3457,HAMILTON,216,Sector 3,35 / 53
3460,HAMILTON,218,Sector 3,35 / 53
3463,HAMILTON,221,Sector 3,35 / 53
3466,HAMILTON,225,Sector 3,35 / 53
3469,HAMILTON,227,Sector 3,35 / 53
3472,HAMILTON,228,Sector 3,35 / 53
3475,HAMILTON,231,Sector 3,35 / 53
3478,HAMILTON,233,Sector 3,35 / 53
3481,HAMILTON,234,Sector 3,35 / 53
3484,HAMILTON,237,Sector 3,35 / 53
3487,HAMILTON,239,Sector 3,35 / 53
3490,HAMILTON,241,Sector 3,35 / 53
3493,HAMILTON,243,Sector 3,35 / 53
3496,HAMILTON,245,Sector 3,35 / 53
3499,HAMILTON,246,Sector 3,35 / 53
3502,HAMILTON,248,Sector 3,35 / 53
3505,HAMILTON,250,Sector 3,35 / 53
3508,HAMILTON,252,Sector 3,35 / 53
3511,HAMILTON,253,Sector 3,35 / 53
3514,HAMILTON,255,Sector 3,35 / 53
3517,HAMILTON,256,Sector 3,35 / 53
3520,HAMILTON,258,Sector 3,35 / 53
3523,HAMILTON,260,Sector 3,35 / 53
3526,HAMILTON,261,Sector 3,35 / 53
3529,HAMILTON,262,Sector 3,35 / 53
3532,HAMILTON,263,Sector 3,35 / 53
3535,HAMILTON,264,Sector 3,35 / 53
3538,HAMILTON,267,Sector 3,35 / 53
3541,HAMILTON,267,Sector 3,35 / 53
3544,HAMILTON,269,Sector 3,35 / 53
3547,HAMILTON,270,Sector 3,35 / 53
3550,HAMILTON,271,Sector 3,35 / 53
3553,HAMILTON,273,Sector 3,35 / 53
3556,HAMILTON,275,Sector 3,35 / 53
3559,HAMILTON,275,Sector 3,35 / 53
3562,HAMILTON,276,Sector 3,35 / 53
3565,HAMILTON,278,Sector 3,35 / 53
3568,HAMILTON,278,Sector 3,35 / 53
3571,HAMILTON,281,Sector 3,35 / 53
3574,HAMILTON,281,Sector 3,35 / 53
3577,HAMILTON,282,Sector 3,35 / 53
3580,HAMILTON,283,Sector 3,35 / 53
3583,HAMILTON,284,Sector 3,35 / 53
3586,HAMILTON,285,Sector 3,35 / 53
3589,HAMILTON,286,Sector 3,35 / 53
3592,HAMILTON,287,Sector 3,35 / 53
3595,HAMILTON,287,Sector 3,35 / 53
3598,HAMILTON,288,Sector 3,35 / 53
3601,HAMILTON,289,Sector 3,35 / 53
3604,HAMILTON,289,Sector 3,35 / 53
3607,HAMILTON,290,Sector 3,35 / 53
3610,HAMILTON,291,Sector 3,35 / 53
3613,HAMILTON,292,Sector 3,35 / 53
3616,HAMILTON,293,Sector 3,35 / 53
3619,HAMILTON,293,Sector 3,36 / 53
3622,HAMILTON,294,Sector 1,36 / 53
3625,HAMILTON,295,Sector 1,36 / 53
3628,HAMILTON,296,Sector 1,36 / 53
3631,HAMILTON,297,Sector 1,36 / 53
3634,HAMILTON,297,Sector 1,36 / 53
3637,HAMILTON,298,Sector 1,36 / 53
3640,HAMILTON,299,Sector 1,36 / 53
3643,HAMILTON,299,Sector 1,36 / 53
3646,HAMILTON,300,Sector 1,36 / 53
3649,HAMILTON,301,Sector 1,36 / 53
3652,HAMILTON,301,Sector 1,36 / 53
3655,HAMILTON,302,Sector 1,36 / 53
3658,HAMILTON,302,Sector 1,36 / 53
3661,HAMILTON,302,Sector 1,36 / 53
3664,HAMILTON,302,Sector 1,36 / 53
3667,HAMILTON,302,Sector 1,36 / 53
3670,HAMILTON,302,Sector 1,36 / 53
3673,HAMILTON,302,Sector 1,36 / 53
3676,HAMILTON,302,Sector 1,36 / 53
3679,HAMILTON,302,Sector 1,36 / 53
3682,HAMILTON,302,Sector 1,36 / 53
3685,HAMILTON,302,Sector 1,36 / 53
3688,HAMILTON,302,Sector 1,36 / 53
3691,HAMILTON,302,Sector 1,36 / 53
3694,HAMILTON,302,Sector 1,36 / 53
3697,HAMILTON,302,Sector 1,36 / 53
3700,HAMILTON,302,Sector 1,36 / 53
3703,HAMILTON,303,Sector 1,36 / 53
3706,HAMILTON,303,Sector 1,36 / 53
3709,HAMILTON,302,Sector 1,36 / 53
3712,HAMILTON,302,Sector 1,36 / 53
3715,HAMILTON,302,Sector 1,36 / 53
3718,HAMILTON,302,Sector 1,36 / 53
3721,HAMILTON,302,Sector 1,36 / 53
3724,HAMILTON,302,Sector 1,36 / 53
3727,HAMILTON,302,Sector 1,36 / 53
3730,HAMILTON,302,Sector 1,36 / 53
3733,HAMILTON,302,Sector 1,36 / 53
3736,HAMILTON,302,Sector 1,36 / 53
3739,HAMILTON,302,Sector 1,36 / 53
3742,HAMILTON,301,Sector 1,36 / 53
3745,HAMILTON,298,Sector 1,36 / 53
3748,HAMILTON,297,Sector 1,36 / 53
3751,HAMILTON,289,Sector 1,36 / 53
3754,HAMILTON,280,Sector 1,36 / 53
3757,HAMILTON,277,Sector 1,36 / 53
3760,HAMILTON,265,Sector 1,36 / 53
3763,HAMILTON,259,Sector 1,36 / 53
3766,HAMILTON,250,Sector 1,36 / 53
3769,HAMILTON,242,Sector 1,36 / 53
3772,HAMILTON,233,Sector 1,36 / 53
3775,HAMILTON,227,Sector 1,36 / 53
3778,HAMILTON,220,Sector 1,36 / 53
3781,HAMILTON,210,Sector 1,36 / 53
3784,HAMILTON,207,Sector 1,36 / 53
3787,HAMILTON,200,Sector 1,36 / 53
3790,HAMILTON,196,Sector 1,36 / 53
3793,HAMILTON,192,Sector 1,36 / 53
3796,HAMILTON,183,Sector 1,36 / 53
3799,HAMILTON,181,Sector 1,36 / 53
3802,HAMILTON,179,Sector 1,36 / 53
3805,HAMILTON,175,Sector 1,36 / 53
3808,HAMILTON,174,Sector 1,36 / 53
3811,HAMILTON,173,Sector 1,36 / 53
3814,HAMILTON,170,Sector 1,36 / 53
3817,HAMILTON,168,Sector 1,36 / 53
3820,HAMILTON,163,Sector 1,36 / 53
3823,HAMILTON,163,Sector 1,36 / 53
3826,HAMILTON,162,Sector 1,36 / 53
3829,HAMILTON,162,Sector 1,36 / 53
3832,HAMILTON,162,Sector 1,36 / 53
3835,HAMILTON,162,Sector 1,36 / 53
3838,HAMILTON,163,Sector 1,36 / 53
3841,HAMILTON,164,Sector 1,36 / 53
3844,HAMILTON,166,Sector 1,36 / 53
3847,HAMILTON,168,Sector 1,36 / 53
3850,HAMILTON,169,Sector 1,36 / 53
3853,HAMILTON,171,Sector 1,36 / 53
3856,HAMILTON,176,Sector 1,36 / 53
3859,HAMILTON,178,Sector 1,36 / 53
3862,HAMILTON,182,Sector 1,36 / 53
3865,HAMILTON,182,Sector 1,36 / 53
3868,HAMILTON,183,Sector 1,36 / 53
3871,HAMILTON,183,Sector 1,36 / 53
3874,HAMILTON,183,Sector 1,36 / 53
3877,HAMILTON,182,Sector 1,36 / 53
3880,HAMILTON,182,Sector 1,36 / 53
3883,HAMILTON,181,Sector 1,36 / 53
3886,HAMILTON,181,Sector 1,36 / 53
3889,HAMILTON,181,Sector 1,36 / 53
3892,HAMILTON,181,Sector 1,36 / 53
3895,HAMILTON,182,Sector 1,36 / 53
3898,HAMILTON,183,Sector 1,36 / 53
3901,HAMILTON,184,Sector 1,36 / 53
3904,HAMILTON,186,Sector 1,36 / 53
3907,HAMILTON,187,Sector 1,36 / 53
3910,HAMILTON,190,Sector 1,36 / 53
3913,HAMILTON,193,Sector 1,36 / 53
3916,HAMILTON,193,Sector 1,36 / 53
3919,HAMILTON,196,Sector 1,36 / 53
3922,HAMILTON,199,Sector 1,36 / 53
3925,HAMILTON,201,Sector 1,36 / 53
3928,HAMILTON,202,Sector 1,36 / 53
3931,HAMILTON,207,Sector 1,36 / 53
3934,HAMILTON,211,Sector 1,36 / 53
3937,HAMILTON,212,Sector 1,36 / 53
3940,HAMILTON,216,Sector 1,36 / 53
3943,HAMILTON,220,Sector 1,36 / 53
3946,HAMILTON,221,Sector 1,36 / 53
3949,HAMILTON,223,Sector 1,36 / 53
3952,HAMILTON,224,Sector 1,36 / 53
3955,HAMILTON,225,Sector 1,36 / 53
3958,HAMILTON,229,Sector 1,36 / 53
3961,HAMILTON,230,Sector 1,36 / 53
3964,HAMILTON,232,Sector 1,36 / 53
3967,HAMILTON,237,Sector 1,36 / 53
3970,HAMILTON,238,Sector 1,36 / 53
3973,HAMILTON,241,Sector 1,36 / 53
3976,HAMILTON,244,Sector 1,36 / 53
3979,HAMILTON,245,Sector 1,36 / 53
3982,HAMILTON,246,Sector 1,36 / 53
3985,HAMILTON,248,Sector 1,36 / 53
3988,HAMILTON,250,Sector 1,36 / 53
3991,HAMILTON,253,Sector 1,36 / 53
3994,HAMILTON,254,Sector 1,36 / 53
3997,HAMILTON,256,Sector 1,36 / 53
4000,HAMILTON,257,Sector 1,36 / 53
4003,HAMILTON,258,Sector 1,36 / 53
4006,HAMILTON,260,Sector 1,36 / 53
4009,HAMILTON,261,Sector 1,36 / 53
4012,HAMILTON,262,Sector 1,36 / 53
4015,HAMILTON,264,Sector 1,36 / 53
4018,HAMILTON,265,Sector 1,36 / 53
4021,HAMILTON,266,Sector 1,36 / 53
4024,HAMILTON,268,Sector 1,36 / 53
4027,HAMILTON,270,Sector 1,36 / 53
4030,HAMILTON,270,Sector 1,36 / 53
4033,HAMILTON,272,Sector 1,36 / 53
4036,HAMILTON,272,Sector 1,36 / 53
4039,HAMILTON,273,Sector 1,36 / 53
4042,HAMILTON,273,Sector 1,36 / 53
4045,HAMILTON,273,Sector 1,36 / 53
4048,HAMILTON,274,Sector 1,36 / 53
4051,HAMILTON,274,Sector 1,36 / 53
4054,HAMILTON,275,Sector 1,36 / 53
4057,HAMILTON,276,Sector 1,36 / 53
4060,HAMILTON,276,Sector 1,36 / 53
4063,HAMILTON,277,Sector 1,36 / 53
4066,HAMILTON,277,Sector 1,36 / 53
4069,HAMILTON,277,Sector 1,36 / 53
4072,HAMILTON,278,Sector 1,36 / 53
4075,HAMILTON,278,Sector 1,36 / 53
4078,HAMILTON,278,Sector 1,36 / 53
4081,HAMILTON,279,Sector 1,36 / 53
4084,HAMILTON,279,Sector 1,36 / 53
4087,HAMILTON,279,Sector 1,36 / 53
4090,HAMILTON,279,Sector 1,36 / 53
4093,HAMILTON,280,Sector 1,36 / 53
4096,HAMILTON,281,Sector 1,36 / 53
4099,HAMILTON,281,Sector 1,36 / 53
4102,HAMILTON,281,Sector 1,36 / 53
4105,HAMILTON,281,Sector 1,36 / 53
4108,HAMILTON,281,Sector 1,36 / 53
4111,HAMILTON,280,Sector 1,36 / 53
4114,HAMILTON,275,Sector 1,36 / 53
4117,HAMILTON,271,Sector 1,36 / 53
4120,HAMILTON,266,Sector 1,36 / 53
4123,HAMILTON,262,Sector 1,36 / 53
4126,HAMILTON,253,Sector 1,36 / 53
4129,HAMILTON,239,Sector 1,36 / 53
4132,HAMILTON,230,Sector 1,36 / 53
4135,HAMILTON,217,Sector 1,36 / 53
4138,HAMILTON,209,Sector 1,36 / 53
4141,HAMILTON,205,Sector 1,36 / 53
4144,HAMILTON,197,Sector 1,36 / 53
4147,HAMILTON,189,Sector 1,36 / 53
4150,HAMILTON,186,Sector 1,36 / 53
4153,HAMILTON,173,Sector 1,36 / 53
4156,HAMILTON,170,Sector 1,36 / 53
4159,HAMILTON,167,Sector 1,36 / 53
4162,HAMILTON,162,Sector 1,36 / 53
4165,HAMILTON,160,Sector 1,36 / 53
4168,HAMILTON,157,Sector 1,36 / 53
4171,HAMILTON,154,Sector 1,36 / 53
4174,HAMILTON,153,Sector 1,36 / 53
4177,HAMILTON,149,Sector 1,36 / 53
4180,HAMILTON,148,Sector 1,36 / 53
4183,HAMILTON,147,Sector 1,36 / 53
4186,HAMILTON,146,Sector 1,36 / 53
4189,HAMILTON,145,Sector 1,36 / 53
4192,HAMILTON,144,Sector 1,36 / 53
4195,HAMILTON,143,Sector 1,36 / 53
4198,HAMILTON,143,Sector 1,36 / 53
4201,HAMILTON,143,Sector 1,36 / 53
4204,HAMILTON,144,Sector 1,36 / 53
4207,HAMILTON,144,Sector 1,36 / 53
4210,HAMILTON,144,Sector 1,36 / 53
4213,HAMILTON,143,Sector 1,36 / 53
4216,HAMILTON,141,Sector 1,36 / 53
4219,HAMILTON,139,Sector 1,36 / 53
4222,HAMILTON,136,Sector 1,36 / 53
4225,HAMILTON,133,Sector 1,36 / 53
4228,HAMILTON,131,Sector 1,36 / 53
4231,HAMILTON,129,Sector 1,36 / 53
4234,HAMILTON,127,Sector 1,36 / 53
4237,HAMILTON,125,Sector 1,36 / 53
4240,HAMILTON,123,Sector 1,36 / 53
4243,HAMILTON,120,Sector 1,36 / 53
4246,HAMILTON,119,Sector 1,36 / 53
4249,HAMILTON,117,Sector 1,36 / 53
4252,HAMILTON,116,Sector 1,36 / 53
4255,HAMILTON,115,Sector 1,36 / 53
4258,HAMILTON,115,Sector 1,36 / 53
4261,HAMILTON,114,Sector 1,36 / 53
4264,HAMILTON,114,Sector 1,36 / 53
4267,HAMILTON,114,Sector 1,36 / 53
4270,HAMILTON,114,Sector 1,36 / 53
4273,HAMILTON,115,Sector 1,36 / 53
4276,HAMILTON,115,Sector 1,36 / 53
4279,HAMILTON,117,Sector 1,36 / 53
4282,HAMILTON,118,Sector 1,36 / 53
4285,HAMILTON,119,Sector 1,36 / 53
4288,HAMILTON,120,Sector 1,36 / 53
4291,HAMILTON,121,Sector 1,36 / 53
4294,HAMILTON,122,Sector 1,36 / 53
4297,HAMILTON,123,Sector 1,36 / 53
4300,HAMILTON,124,Sector 1,36 / 53
4303,HAMILTON,126,Sector 1,36 / 53
4306,HAMILTON,128,Sector 1,36 / 53
4309,HAMILTON,129,Sector 1,36 / 53
4312,HAMILTON,127,Sector 1,36 / 53
4315,HAMILTON,125,Sector 1,36 / 53
4318,HAMILTON,123,Sector 1,36 / 53
4321,HAMILTON,120,Sector 1,36 / 53
4324,HAMILTON,118,Sector 1,36 / 53
4327,HAMILTON,114,Sector 1,36 / 53
4330,HAMILTON,112,Sector 1,36 / 53
4333,HAMILTON,109,Sector 1,36 / 53
4336,HAMILTON,109,Sector 1,36 / 53
4339,HAMILTON,106,Sector 1,36 / 53
4342,HAMILTON,104,Sector 1,36 / 53
4345,HAMILTON,102,Sector 1,36 / 53
4348,HAMILTON,99,Sector 1,36 / 53
4351,HAMILTON,97,Sector 1,36 / 53
4354,HAMILTON,95,Sector 1,36 / 53
4357,HAMILTON,93,Sector 1,36 / 53
4360,HAMILTON,92,Sector 1,36 / 53
4363,HAMILTON,90,Sector 1,36 / 53
4366,HAMILTON,88,Sector 1,36 / 53
4369,HAMILTON,88,Sector 1,36 / 53
4372,HAMILTON,86,Sector 1,36 / 53
4375,HAMILTON,85,Sector 1,36 / 53
4378,HAMILTON,84,Sector 1,36 / 53
4381,HAMILTON,83,Sector 1,36 / 53
4384,HAMILTON,82,Sector 1,36 / 53
4387,HAMILTON,82,Sector 1,36 / 53
4390,HAMILTON,82,Sector 1,36 / 53
4393,HAMILTON,82,Sector 1,36 / 53
4396,HAMILTON,83,Sector 1,36 / 53
4399,HAMILTON,84,Sector 1,36 / 53
4402,HAMILTON,86,Sector 1,36 / 53
4405,HAMILTON,87,Sector 1,36 / 53
4408,HAMILTON,89,Sector 1,36 / 53
4411,HAMILTON,91,Sector 1,36 / 53
4414,HAMILTON,93,Sector 1,36 / 53
4417,HAMILTON,95,Sector 1,36 / 53
4420,HAMILTON,97,Sector 1,36 / 53
4423,HAMILTON,99,Sector 1,36 / 53
4426,HAMILTON,101,Sector 1,36 / 53
4429,HAMILTON,103,Sector 1,36 / 53
4432,HAMILTON,106,Sector 1,36 / 53
4435,HAMILTON,110,Sector 1,36 / 53
4438,HAMILTON,113,Sector 1,36 / 53
4441,HAMILTON,117,Sector 1,36 / 53
4444,HAMILTON,120,Sector 1,36 / 53
4447,HAMILTON,121,Sector 1,36 / 53
4450,HAMILTON,125,Sector 1,36 / 53
4453,HAMILTON,127,Sector 1,36 / 53
4456,HAMILTON,129,Sector 1,36 / 53
4459,HAMILTON,132,Sector 2,36 / 53
4462,HAMILTON,135,Sector 2,36 / 53
4465,HAMILTON,137,Sector 2,36 / 53
4468,HAMILTON,138,Sector 2,36 / 53
4471,HAMILTON,138,Sector 2,36 / 53
4474,HAMILTON,139,Sector 2,36 / 53
4477,HAMILTON,139,Sector 2,36 / 53
4480,HAMILTON,138,Sector 2,36 / 53
4483,HAMILTON,138,Sector 2,36 / 53
4486,HAMILTON,137,Sector 2,36 / 53
4489,HAMILTON,137,Sector 2,36 / 53
4492,HAMILTON,137,Sector 2,36 / 53
4495,HAMILTON,137,Sector 2,36 / 53
4498,HAMILTON,139,Sector 2,36 / 53
4501,HAMILTON,141,Sector 2,36 / 53
4504,HAMILTON,143,Sector 2,36 / 53
4507,HAMILTON,144,Sector 2,36 / 53
4510,HAMILTON,146,Sector 2,36 / 53
4513,HAMILTON,148,Sector 2,36 / 53
4516,HAMILTON,150,Sector 2,36 / 53
4519,HAMILTON,153,Sector 2,36 / 53
4522,HAMILTON,155,Sector 2,36 / 53
4525,HAMILTON,155,Sector 2,36 / 53
4528,HAMILTON,155,Sector 2,36 / 53
4531,HAMILTON,156,Sector 2,36 / 53
4534,HAMILTON,159,Sector 2,36 / 53
4537,HAMILTON,165,Sector 2,36 / 53
4540,HAMILTON,167,Sector 2,36 / 53
4543,HAMILTON,169,Sector 2,36 / 53
4546,HAMILTON,173,Sector 2,36 / 53
4549,HAMILTON,173,Sector 2,36 / 53
4552,HAMILTON,176,Sector 2,36 / 53
4555,HAMILTON,179,Sector 2,36 / 53
4558,HAMILTON,181,Sector 2,36 / 53
4561,HAMILTON,186,Sector 2,36 / 53
4564,HAMILTON,189,Sector 2,36 / 53
4567,HAMILTON,190,Sector 2,36 / 53
4570,HAMILTON,193,Sector 2,36 / 53
4573,HAMILTON,195,Sector 2,36 / 53
4576,HAMILTON,197,Sector 2,36 / 53
4579,HAMILTON,200,Sector 2,36 / 53
4582,HAMILTON,203,Sector 2,36 / 53
4585,HAMILTON,207,Sector 2,36 / 53
4588,HAMILTON,210,Sector 2,36 / 53
4591,HAMILTON,211,Sector 2,36 / 53
4594,HAMILTON,213,Sector 2,36 / 53
4597,HAMILTON,216,Sector 2,36 / 53
4600,HAMILTON,219,Sector 2,36 / 53
4603,HAMILTON,222,Sector 2,36 / 53
4606,HAMILTON,224,Sector 2,36 / 53
4609,HAMILTON,225,Sector 2,36 / 53
4612,HAMILTON,227,Sector 2,36 / 53
4615,HAMILTON,227,Sector 2,36 / 53
4618,HAMILTON,229,Sector 2,36 / 53
4621,HAMILTON,232,Sector 2,36 / 53
4624,HAMILTON,235,Sector 2,36 / 53
4627,HAMILTON,237,Sector 2,36 / 53
4630,HAMILTON,239,Sector 2,36 / 53
4633,HAMILTON,241,Sector 2,36 / 53
4636,HAMILTON,242,Sector 2,36 / 53
4639,HAMILTON,243,Sector 2,36 / 53
4642,HAMILTON,244,Sector 2,36 / 53
4645,HAMILTON,246,Sector 2,36 / 53
4648,HAMILTON,247,Sector 2,36 / 53
4651,HAMILTON,249,Sector 2,36 / 53
4654,HAMILTON,250,Sector 2,36 / 53
4657,HAMILTON,251,Sector 2,36 / 53
4660,HAMILTON,251,Sector 2,36 / 53
4663,HAMILTON,252,Sector 2,36 / 53
4666,HAMILTON,254,Sector 2,36 / 53
4669,HAMILTON,255,Sector 2,36 / 53
4672,HAMILTON,257,Sector 2,36 / 53
4675,HAMILTON,258,Sector 2,36 / 53
4678,HAMILTON,259,Sector 2,36 / 53
4681,HAMILTON,260,Sector 2,36 / 53
4684,HAMILTON,261,Sector 2,36 / 53
4687,HAMILTON,262,Sector 2,36 / 53
4690,HAMILTON,262,Sector 2,36 / 53
4693,HAMILTON,264,Sector 2,36 / 53
4696,HAMILTON,265,Sector 2,36 / 53
4699,HAMILTON,265,Sector 2,36 / 53
4702,HAMILTON,266,Sector 2,36 / 53
4705,HAMILTON,267,Sector 2,36 / 53
4708,HAMILTON,268,Sector 2,36 / 53
4711,HAMILTON,269,Sector 2,36 / 53
4714,HAMILTON,270,Sector 2,36 / 53
4717,HAMILTON,271,Sector 2,36 / 53
4720,HAMILTON,271,Sector 2,36 / 53
4723,HAMILTON,273,Sector 2,36 / 53
4726,HAMILTON,274,Sector 2,36 / 53
4729,HAMILTON,275,Sector 2,36 / 53
4732,HAMILTON,276,Sector 2,36 / 53
4735,HAMILTON,277,Sector 2,36 / 53
4738,HAMILTON,277,Sector 2,36 / 53
4741,HAMILTON,278,Sector 2,36 / 53
4744,HAMILTON,278,Sector 2,36 / 53
4747,HAMILTON,278,Sector 2,36 / 53
4750,HAMILTON,280,Sector 2,36 / 53
4753,HAMILTON,281,Sector 2,36 / 53
4756,HAMILTON,282,Sector 2,36 / 53
4759,HAMILTON,283,Sector 2,36 / 53
4762,HAMILTON,283,Sector 2,36 / 53
4765,HAMILTON,284,Sector 2,36 / 53
4768,HAMILTON,284,Sector 2,36 / 53
4771,HAMILTON,285,Sector 2,36 / 53
4774,HAMILTON,285,Sector 2,36 / 53
4777,HAMILTON,286,Sector 2,36 / 53
4780,HAMILTON,287,Sector 2,36 / 53
4783,HAMILTON,287,Sector 2,36 / 53
4786,HAMILTON,288,Sector 2,36 / 53
4789,HAMILTON,289,Sector 2,36 / 53
4792,HAMILTON,290,Sector 2,36 / 53
4795,HAMILTON,291,Sector 2,36 / 53
4798,HAMILTON,292,Sector 2,36 / 53
4801,HAMILTON,292,Sector 2,36 / 53
4804,HAMILTON,292,Sector 2,36 / 53
4807,HAMILTON,292,Sector 2,36 / 53
4810,HAMILTON,293,Sector 2,36 / 53
4813,HAMILTON,294,Sector 2,36 / 53
4816,HAMILTON,294,Sector 2,36 / 53
4819,HAMILTON,295,Sector 2,36 / 53
4822,HAMILTON,295,Sector 2,36 / 53
4825,HAMILTON,296,Sector 2,36 / 53
4828,HAMILTON,297,Sector 2,36 / 53
4831,HAMILTON,297,Sector 2,36 / 53
4834,HAMILTON,297,Sector 2,36 / 53
4837,HAMILTON,297,Sector 2,36 / 53
4840,HAMILTON,298,Sector 2,36 / 53
4843,HAMILTON,298,Sector 2,36 / 53
4846,HAMILTON,298,Sector 2,36 / 53
4849,HAMILTON,299,Sector 2,36 / 53
4852,HAMILTON,299,Sector 2,36 / 53
4855,HAMILTON,299,Sector 2,36 / 53
4858,HAMILTON,299,Sector 2,36 / 53
4861,HAMILTON,299,Sector 2,36 / 53
4864,HAMILTON,300,Sector 2,36 / 53
4867,HAMILTON,300,Sector 2,36 / 53
4870,HAMILTON,301,Sector 2,36 / 53
4873,HAMILTON,301,Sector 2,36 / 53
4876,HAMILTON,301,Sector 2,36 / 53
4879,HAMILTON,302,Sector 2,36 / 53
4882,HAMILTON,302,Sector 2,36 / 53
4885,HAMILTON,302,Sector 2,36 / 53
4888,HAMILTON,302,Sector 2,36 / 53
4891,HAMILTON,302,Sector 2,36 / 53
4894,HAMILTON,301,Sector 2,36 / 53
4897,HAMILTON,301,Sector 2,36 / 53
4900,HAMILTON,301,Sector 2,36 / 53
4903,HAMILTON,301,Sector 2,36 / 53
4906,HAMILTON,301,Sector 2,36 / 53
4909,HAMILTON,301,Sector 2,36 / 53
4912,HAMILTON,301,Sector 2,36 / 53
4915,HAMILTON,301,Sector 2,36 / 53
4918,HAMILTON,301,Sector 2,36 / 53
4921,HAMILTON,301,Sector 2,36 / 53
4924,HAMILTON,301,Sector 2,36 / 53
4927,HAMILTON,300,Sector 2,36 / 53
4930,HAMILTON,300,Sector 2,36 / 53
4933,HAMILTON,300,Sector 2,36 / 53
4936,HAMILTON,300,Sector 2,36 / 53
4939,HAMILTON,300,Sector 2,36 / 53
4942,HAMILTON,300,Sector 2,36 / 53
4945,HAMILTON,300,Sector 2,36 / 53
4948,HAMILTON,300,Sector 2,36 / 53
4951,HAMILTON,300,Sector 2,36 / 53
4954,HAMILTON,300,Sector 2,36 / 53
4957,HAMILTON,300,Sector 2,36 / 53
4960,HAMILTON,301,Sector 2,36 / 53
4963,HAMILTON,301,Sector 2,36 / 53
4966,HAMILTON,301,Sector 2,36 / 53
4969,HAMILTON,301,Sector 2,36 / 53
4972,HAMILTON,301,Sector 2,36 / 53
4975,HAMILTON,302,Sector 2,36 / 53
4978,HAMILTON,302,Sector 2,36 / 53
4981,HAMILTON,302,Sector 2,36 / 53
4984,HAMILTON,302,Sector 2,36 / 53
4987,HAMILTON,302,Sector 2,36 / 53
4990,HAMILTON,301,Sector 2,36 / 53
4993,HAMILTON,301,Sector 2,36 / 53
4996,HAMILTON,301,Sector 2,36 / 53
4999,HAMILTON,301,Sector 2,36 / 53
5002,HAMILTON,301,Sector 2,36 / 53
5005,HAMILTON,300,Sector 2,36 / 53
5008,HAMILTON,300,Sector 2,36 / 53
5011,HAMILTON,300,Sector 2,36 / 53
5014,HAMILTON,299,Sector 2,36 / 53
5017,HAMILTON,299,Sector 2,36 / 53
5020,HAMILTON,299,Sector 2,36 / 53
5023,HAMILTON,298,Sector 2,36 / 53
5026,HAMILTON,298,Sector 2,36 / 53
5029,HAMILTON,298,Sector 2,36 / 53
5032,HAMILTON,297,Sector 2,36 / 53
5035,HAMILTON,296,Sector 2,36 / 53
5038,HAMILTON,296,Sector 2,36 / 53
5041,HAMILTON,295,Sector 2,36 / 53
5044,HAMILTON,294,Sector 2,36 / 53
5047,HAMILTON,292,Sector 2,36 / 53
5050,HAMILTON,288,Sector 2,36 / 53
5053,HAMILTON,285,Sector 2,36 / 53
5056,HAMILTON,281,Sector 2,36 / 53
5059,HAMILTON,279,Sector 2,36 / 53
5062,HAMILTON,278,Sector 2,36 / 53
5065,HAMILTON,276,Sector 2,36 / 53
5068,HAMILTON,255,Sector 2,36 / 53
5071,HAMILTON,244,Sector 2,36 / 53
5074,HAMILTON,232,Sector 2,36 / 53
5077,HAMILTON,217,Sector 2,36 / 53
5080,HAMILTON,210,Sector 2,36 / 53
5083,HAMILTON,205,Sector 2,36 / 53
5086,HAMILTON,199,Sector 2,36 / 53
5089,HAMILTON,194,Sector 2,36 / 53
5092,HAMILTON,186,Sector 2,36 / 53
5095,HAMILTON,179,Sector 2,36 / 53
5098,HAMILTON,173,Sector 2,36 / 53
5101,HAMILTON,169,Sector 2,36 / 53
5104,HAMILTON,165,Sector 2,36 / 53
5107,HAMILTON,160,Sector 2,36 / 53
5110,HAMILTON,157,Sector 2,36 / 53
5113,HAMILTON,153,Sector 2,36 / 53
5116,HAMILTON,152,Sector 2,36 / 53
5119,HAMILTON,149,Sector 2,36 / 53
5122,HAMILTON,147,Sector 2,36 / 53
5125,HAMILTON,145,Sector 2,36 / 53
5128,HAMILTON,145,Sector 2,36 / 53
5131,HAMILTON,143,Sector 2,36 / 53
5134,HAMILTON,143,Sector 2,36 / 53
5137,HAMILTON,143,Sector 2,36 / 53
5140,HAMILTON,143,Sector 2,36 / 53
5143,HAMILTON,143,Sector 2,36 / 53
5146,HAMILTON,142,Sector 2,36 / 53
5149,HAMILTON,141,Sector 2,36 / 53
5152,HAMILTON,138,Sector 2,36 / 53
5155,HAMILTON,137,Sector 2,36 / 53
5158,HAMILTON,134,Sector 2,36 / 53
5161,HAMILTON,132,Sector 2,36 / 53
5164,HAMILTON,132,Sector 2,36 / 53
5167,HAMILTON,132,Sector 2,36 / 53
5170,HAMILTON,132,Sector 2,36 / 53
5173,HAMILTON,126,Sector 2,36 / 53
5176,HAMILTON,119,Sector 2,36 / 53
5179,HAMILTON,114,Sector 2,36 / 53
5182,HAMILTON,113,Sector 2,36 / 53
5185,HAMILTON,111,Sector 2,36 / 53
5188,HAMILTON,110,Sector 2,36 / 53
5191,HAMILTON,108,Sector 2,36 / 53
5194,HAMILTON,105,Sector 2,36 / 53
5197,HAMILTON,104,Sector 2,36 / 53
5200,HAMILTON,103,Sector 2,36 / 53
5203,HAMILTON,103,Sector 2,36 / 53
5206,HAMILTON,103,Sector 2,36 / 53
5209,HAMILTON,103,Sector 2,36 / 53
5212,HAMILTON,104,Sector 2,36 / 53
5215,HAMILTON,104,Sector 2,36 / 53
5218,HAMILTON,104,Sector 2,36 / 53
5221,HAMILTON,108,Sector 2,36 / 53
5224,HAMILTON,110,Sector 2,36 / 53
5227,HAMILTON,113,Sector 2,36 / 53
5230,HAMILTON,115,Sector 2,36 / 53
5233,HAMILTON,117,Sector 2,36 / 53
5236,HAMILTON,120,Sector 2,36 / 53
5239,HAMILTON,122,Sector 2,36 / 53
5242,HAMILTON,126,Sector 2,36 / 53
5245,HAMILTON,130,Sector 2,36 / 53
5248,HAMILTON,132,Sector 2,36 / 53
5251,HAMILTON,139,Sector 2,36 / 53
5254,HAMILTON,143,Sector 2,36 / 53
5257,HAMILTON,145,Sector 2,36 / 53
5260,HAMILTON,148,Sector 2,36 / 53
5263,HAMILTON,156,Sector 2,36 / 53
5266,HAMILTON,160,Sector 2,36 / 53
5269,HAMILTON,164,Sector 2,36 / 53
5272,HAMILTON,168,Sector 2,36 / 53
5275,HAMILTON,169,Sector 2,36 / 53
5278,HAMILTON,172,Sector 2,36 / 53
5281,HAMILTON,177,Sector 2,36 / 53
5284,HAMILTON,181,Sector 2,36 / 53
5287,HAMILTON,186,Sector 2,36 / 53
5290,HAMILTON,191,Sector 2,36 / 53
5293,HAMILTON,194,Sector 2,36 / 53
5296,HAMILTON,198,Sector 2,36 / 53
5299,HAMILTON,201,Sector 2,36 / 53
5302,HAMILTON,203,Sector 2,36 / 53
5305,HAMILTON,207,Sector 2,36 / 53
5308,HAMILTON,209,Sector 2,36 / 53
5311,HAMILTON,213,Sector 2,36 / 53
5314,HAMILTON,216,Sector 2,36 / 53
5317,HAMILTON,217,Sector 2,36 / 53
5320,HAMILTON,220,Sector 2,36 / 53
5323,HAMILTON,223,Sector 2,36 / 53
5326,HAMILTON,224,Sector 2,36 / 53
5329,HAMILTON,227,Sector 2,36 / 53
5332,HAMILTON,230,Sector 2,36 / 53
5335,HAMILTON,231,Sector 2,36 / 53
5338,HAMILTON,233,Sector 2,36 / 53
5341,HAMILTON,234,Sector 2,36 / 53
5344,HAMILTON,235,Sector 2,36 / 53
5347,HAMILTON,237,Sector 2,36 / 53
5350,HAMILTON,241,Sector 2,36 / 53
5353,HAMILTON,243,Sector 2,36 / 53
5356,HAMILTON,245,Sector 2,36 / 53
5359,HAMILTON,247,Sector 2,36 / 53
5362,HAMILTON,247,Sector 2,36 / 53
5365,HAMILTON,249,Sector 2,36 / 53
5368,HAMILTON,250,Sector 2,36 / 53
5371,HAMILTON,251,Sector 2,36 / 53
5374,HAMILTON,254,Sector 2,36 / 53
5377,HAMILTON,255,Sector 2,36 / 53
5380,HAMILTON,256,Sector 2,36 / 53
5383,HAMILTON,258,Sector 2,36 / 53
5386,HAMILTON,259,Sector 2,36 / 53
5389,HAMILTON,260,Sector 2,36 / 53
5392,HAMILTON,262,Sector 2,36 / 53
5395,HAMILTON,263,Sector 2,36 / 53
5398,HAMILTON,264,Sector 2,36 / 53
5401,HAMILTON,266,Sector 2,36 / 53
5404,HAMILTON,266,Sector 2,36 / 53
5407,HAMILTON,267,Sector 2,36 / 53
5410,HAMILTON,270,Sector 2,36 / 53
5413,HAMILTON,271,Sector 2,36 / 53
5416,HAMILTON,272,Sector 2,36 / 53
5419,HAMILTON,272,Sector 2,36 / 53
5422,HAMILTON,273,Sector 2,36 / 53
5425,HAMILTON,274,Sector 2,36 / 53
5428,HAMILTON,276,Sector 2,36 / 53
5431,HAMILTON,277,Sector 2,36 / 53
5434,HAMILTON,278,Sector 2,36 / 53
5437,HAMILTON,279,Sector 2,36 / 53
5440,HAMILTON,279,Sector 2,36 / 53
5443,HAMILTON,280,Sector 2,36 / 53
5446,HAMILTON,281,Sector 2,36 / 53
5449,HAMILTON,282,Sector 2,36 / 53
5452,HAMILTON,283,Sector 2,36 / 53
5455,HAMILTON,284,Sector 2,36 / 53
5458,HAMILTON,284,Sector 2,36 / 53